,neighborhood,code,name,longitude,latitude,rental_methods,capacity
0,Outremont,6232,Durocher / Van Horne,-73.61127376556396,45.524265806034656,"['KEY', 'CREDITCARD']",19.0
1,Outremont,6241,Querbes / Laurier,-73.59783187508583,45.51753998795678,"['KEY', 'CREDITCARD']",15.0
2,Outremont,6243,Bloomfield / Bernard,-73.6084279,45.52068774,"['KEY', 'CREDITCARD']",23.0
3,Outremont,6245,Bloomfield / Van Horne,-73.61265779,45.5225858,"['KEY', 'CREDITCARD']",23.0
4,Outremont,6246,Métro Outremont (Wiseman / Van Horne),-73.61484915018082,45.52027053865367,"['KEY', 'CREDITCARD']",23.0
5,Outremont,6301,Parc Outremont (Bloomfield / Elmwood),-73.60328614711761,45.518309446368,"['KEY', 'CREDITCARD']",15.0
6,Outremont,6302,Stuart / St-Viateur,-73.60779762268066,45.516078703024085,"['KEY', 'CREDITCARD']",15.0
7,Outremont,6303,Pratt / Van Horne,-73.6203020811081,45.51414486304299,"['KEY', 'CREDITCARD']",15.0
8,Outremont,6304,Rockland / Lajoie,-73.614991,45.515617,"['KEY', 'CREDITCARD']",15.0
9,Outremont,6305,Davaar / de la Côte-Ste-Catherine,-73.610871,45.514379,"['KEY', 'CREDITCARD']",15.0
10,Outremont,6306,Métro Édouard-Montpetit (du Mont-Royal / Vincent-d'Indy),-73.611429,45.510086,"['KEY', 'CREDITCARD']",27.0
11,Outremont,7021,Dollard / Van Horne,-73.61646920442581,45.51915286772737,"['KEY', 'CREDITCARD']",19.0
12,Outremont,7022,Durocher / Bernard,-73.60668718814848,45.52222528598142,"['KEY', 'CREDITCARD']",15.0
13,Outremont,7124,Dollard / Bernard,-73.61142262816429,45.51678269880724,"['KEY', 'CREDITCARD']",23.0
14,LaSalle,6714,LaSalle / 90e avenue,-73.64422470331192,45.417147421132526,"['KEY', 'CREDITCARD']",23.0
15,LaSalle,7015,Parc des Rapides (LaSalle / 6e avenue),-73.59309915918857,45.42947143740888,"['KEY', 'CREDITCARD']",23.0
16,LaSalle,7108,Gagne / LaSalle,-73.601194024086,45.422451407155854,"['KEY', 'CREDITCARD']",23.0
17,LaSalle,7109,Cégep André-Laurendeau,-73.60565185546875,45.43566446235294,"['KEY', 'CREDITCARD']",19.0
18,LaSalle,7110,LaSalle / 67e avenue,-73.62651407718658,45.415348837097696,"['KEY', 'CREDITCARD']",23.0
19,LaSalle,7111,Highlands / LaSalle,-73.65741580724716,45.42612352042827,"['KEY', 'CREDITCARD']",27.0
20,LaSalle,7112,Newman / Senkus,-73.61375212669373,45.44404309237571,"['KEY', 'CREDITCARD']",19.0
21,Mont-Royal,4001,Graham / Brookfield,-73.6297756433487,45.52007477080967,"['KEY', 'CREDITCARD']",23.0
22,Mont-Royal,4002,Graham / Wicksteed,-73.64048302173615,45.51693654712809,"['KEY', 'CREDITCARD']",19.0
23,Ville-Marie,6001,Métro Champ-de-Mars (Viger / Sanguinet),-73.55650842189789,45.51035067563653,"['KEY', 'CREDITCARD']",35.0
24,Ville-Marie,6003,Clark / Evans,-73.56760203838348,45.51100666600306,"['KEY', 'CREDITCARD']",15.0
25,Ville-Marie,6004,du Champ-de-Mars / Gosford,-73.55400860309601,45.50965520472071,"['KEY', 'CREDITCARD']",23.0
26,Ville-Marie,6005,Metcalfe / du Square-Dorchester,-73.57113786041737,45.500208064155046,"['KEY', 'CREDITCARD']",19.0
27,Ville-Marie,6007,de l'Hôtel-de-Ville / Ste-Catherine,-73.56213569641113,45.51166045593874,"['KEY', 'CREDITCARD']",31.0
28,Ville-Marie,6008,Sanguinet / Ste-Catherine,-73.56146247242577,45.51279685582333,"['KEY', 'CREDITCARD']",23.0
29,Ville-Marie,6009,Crescent / de Maisonneuve,-73.57761539518833,45.49811161443597,"['KEY', 'CREDITCARD']",23.0
30,Ville-Marie,6011,St-André / St-Antoine,-73.55264469981194,45.51411452790017,"['KEY', 'CREDITCARD']",27.0
31,Ville-Marie,6012,Métro St-Laurent (de Maisonneuve / St-Laurent),-73.56497,45.51066,"['KEY', 'CREDITCARD']",49.0
32,Ville-Marie,6013,Sanguinet / de Maisonneuve,-73.56259435415267,45.51340553558378,"['KEY', 'CREDITCARD']",27.0
33,Ville-Marie,6014,St-Denis / René-Lévesque,-73.55846643447876,45.51287121578035,"['KEY', 'CREDITCARD']",27.0
34,Ville-Marie,6015,BAnQ (Berri / de Maisonneuve),-73.561273,45.515299,"['KEY', 'CREDITCARD']",31.0
35,Ville-Marie,6017,Atateken / du Square Amherst,-73.56390595436096,45.52063377251984,"['KEY', 'CREDITCARD']",31.0
36,Ville-Marie,6018,St-André / Ontario,-73.56353,45.51889,"['KEY', 'CREDITCARD']",19.0
37,Ville-Marie,6020,Sanguinet / Ontario,-73.56549113988876,45.51476724402057,"['KEY', 'CREDITCARD']",27.0
38,Ville-Marie,6021,de l'Hôtel-de-Ville / Sherbrooke,-73.56840670108795,45.5145646696576,"['KEY', 'CREDITCARD']",27.0
39,Ville-Marie,6023,de la Commune / Berri,-73.54983,45.51086,"['KEY', 'CREDITCARD']",51.0
40,Ville-Marie,6025,Notre-Dame / St-Gabriel,-73.55511903762817,45.50714391928411,"['KEY', 'CREDITCARD']",15.0
41,Ville-Marie,6026,de la Commune / Place Jacques-Cartier,-73.55183601379395,45.50761009451047,"['KEY', 'CREDITCARD']",81.0
42,Ville-Marie,6027,de Maisonneuve / Mansfield (sud),-73.57346534729004,45.502053864057466,"['KEY', 'CREDITCARD']",23.0
43,Ville-Marie,6031,de Maisonneuve / Robert-Bourassa,-73.57152342796326,45.50426292830073,"['KEY', 'CREDITCARD']",19.0
44,Ville-Marie,6032,Métro Place-d'Armes (Viger / St-Urbain),-73.55976,45.50623,"['KEY', 'CREDITCARD']",29.0
45,Ville-Marie,6035,Viger / Chenneville,-73.56089115142822,45.50531166520915,"['KEY', 'CREDITCARD']",38.0
46,Ville-Marie,6036,de la Commune / St-Sulpice,-73.553469479084,45.50424245563397,"['KEY', 'CREDITCARD']",43.0
47,Ville-Marie,6037,St-Nicolas / Place d'Youville,-73.55515256524086,45.501966859101564,"['KEY', 'CREDITCARD']",15.0
48,Ville-Marie,6038,McGill / Place d'Youville,-73.55566,45.49975,"['KEY', 'CREDITCARD']",19.0
49,Ville-Marie,6039,McGill / des Récollets,-73.558826,45.500779,"['KEY', 'CREDITCARD']",15.0
50,Ville-Marie,6040,St-Jacques / St-Pierre,-73.55913430452347,45.50278649802565,"['KEY', 'CREDITCARD']",23.0
51,Ville-Marie,6041,St-Jacques / McGill,-73.56014415621758,45.50144108135568,"['KEY', 'CREDITCARD']",27.0
52,Ville-Marie,6042,de la Gauchetière / Robert-Bourassa,-73.56544822454453,45.50060578095098,"['KEY', 'CREDITCARD']",27.0
53,Ville-Marie,6043,Square Victoria (Viger / du Square-Victoria),-73.56295,45.50206,"['KEY', 'CREDITCARD']",19.0
54,Ville-Marie,6046,Métro Bonaventure (de la Gauchetière / de la Cathédrale),-73.56725603342056,45.49831217703312,"['KEY', 'CREDITCARD']",31.0
55,Ville-Marie,6048,William / St-Henri,-73.55725407600403,45.49891911390352,"['KEY', 'CREDITCARD']",19.0
56,Ville-Marie,6049,Queen / Wellington,-73.55534970760345,45.49760527699099,"['KEY', 'CREDITCARD']",47.0
57,Ville-Marie,6050,St-Maurice / Robert-Bourassa,-73.56024205684662,45.49857779102015,"['KEY', 'CREDITCARD']",35.0
58,Ville-Marie,6052,de la Commune / King,-73.55257093906403,45.49751503379366,"['KEY', 'CREDITCARD']",89.0
59,Ville-Marie,6053,du Président-Kennedy / Jeanne-Mance,-73.56881439685822,45.50820461505136,"['KEY', 'CREDITCARD']",27.0
60,Ville-Marie,6057,Peel / de la Gauchetiere,-73.5681800544262,45.4977183451679,"['KEY', 'CREDITCARD']",19.0
61,Ville-Marie,6058,Cypress / Peel,-73.57176750898361,45.49932551028458,"['KEY', 'CREDITCARD']",39.0
62,Ville-Marie,6059,de la Cathédrale / René-Lévesque,-73.56942057609558,45.499191207076606,"['KEY', 'CREDITCARD']",43.0
63,Ville-Marie,6060,Belmont / Robert-Bourassa,-73.56583714485167,45.501366848348894,"['KEY', 'CREDITCARD']",33.0
64,Ville-Marie,6061,Mansfield / Ste-Catherine,-73.57178628444672,45.50139870932151,"['KEY', 'CREDITCARD']",23.0
65,Ville-Marie,6062,Drummond / Ste-Catherine,-73.57422709465027,45.49863930330429,"['KEY', 'CREDITCARD']",31.0
66,Ville-Marie,6063,Drummond / de Maisonneuve,-73.57591,45.49947,"['KEY', 'CREDITCARD']",51.0
67,Ville-Marie,6064,Métro Peel (de Maisonneuve / Stanley),-73.57507,45.50038,"['KEY', 'CREDITCARD']",49.0
68,Ville-Marie,6065,de la Montagne / Sherbrooke,-73.57903361320496,45.49974475043378,"['KEY', 'CREDITCARD']",19.0
69,Ville-Marie,6066,McTavish / des Pins,-73.58100235462189,45.50530549708951,"['KEY', 'CREDITCARD']",23.0
70,Ville-Marie,6067,Porte-de-Québec / St-Hubert,-73.55087846517563,45.51249475526989,"['KEY', 'CREDITCARD']",19.0
71,Ville-Marie,6072,Metcalfe / de Maisonneuve,-73.57413053512573,45.50171494932855,"['KEY', 'CREDITCARD']",31.0
72,Ville-Marie,6073,de Maisonneuve / Aylmer (ouest),-73.57069,45.50501,"['KEY', 'CREDITCARD']",37.0
73,Ville-Marie,6075,University / des Pins,-73.58064293861388,45.50829509569767,"['KEY', 'CREDITCARD']",23.0
74,Ville-Marie,6078,St-Alexandre / Ste-Catherine,-73.56763422489166,45.50538225593995,"['KEY', 'CREDITCARD']",27.0
75,Ville-Marie,6081,Mackay / Ste-Catherine,-73.5769522190094,45.49570931691902,"['KEY', 'CREDITCARD']",31.0
76,Ville-Marie,6083,Square Phillips,-73.56810629367828,45.50373771539475,"['KEY', 'CREDITCARD']",35.0
77,Ville-Marie,6084,Duke / Brennan,-73.55371087789534,45.495581350533946,"['KEY', 'CREDITCARD']",31.0
78,Ville-Marie,6085,Notre-Dame / Peel,-73.56328,45.4952,"['KEY', 'CREDITCARD']",47.0
79,Ville-Marie,6087,Notre-Dame / de la Montagne,-73.56481790542603,45.49302901258371,"['KEY', 'CREDITCARD']",27.0
80,Ville-Marie,6090,Métro Lucien-L'Allier  (Lucien l'Allier / Argyle),-73.57112377882004,45.49487159597493,"['KEY', 'CREDITCARD']",17.0
81,Ville-Marie,6091,Joseph-Manseau / René-Lévesque,-73.57676714658737,45.49168652100804,"['KEY', 'CREDITCARD']",19.0
82,Ville-Marie,6092,Crescent / Ste-Catherine,-73.57554942369461,45.49709201687824,"['KEY', 'CREDITCARD']",31.0
83,Ville-Marie,6093,Atwater / Sherbrooke,-73.58763009309769,45.4912258547597,"['KEY', 'CREDITCARD']",23.0
84,Ville-Marie,6095,Chomedey / de Maisonneuve,-73.58400642871855,45.49180027678722,"['KEY', 'CREDITCARD']",19.0
85,Ville-Marie,6096,Lucien L'Allier / St-Jacques,-73.56857568025589,45.49356916133978,"['KEY', 'CREDITCARD']",23.0
86,Ville-Marie,6097,Ste-Catherine / St-Marc,-73.58029425144196,45.492897397177465,"['KEY', 'CREDITCARD']",31.0
87,Ville-Marie,6098,Bishop / Ste-Catherine,-73.5765016078949,45.49658329569871,"['KEY', 'CREDITCARD']",27.0
88,Ville-Marie,6099,Ste-Catherine / Labelle,-73.55922952294348,45.51506508398211,"['KEY', 'CREDITCARD']",23.0
89,Ville-Marie,6100,Mackay / de Maisonneuve,-73.57851,45.49659,"['KEY', 'CREDITCARD']",35.0
90,Ville-Marie,6102,Lincoln / du Fort,-73.583836,45.493034,"['KEY', 'CREDITCARD']",11.0
91,Ville-Marie,6103,du Havre / Hochelaga,-73.55794072151183,45.535753085274585,"['KEY', 'CREDITCARD']",27.0
92,Ville-Marie,6104,Wolfe / René-Lévesque,-73.5541883111,45.51681750463149,"['KEY', 'CREDITCARD']",27.0
93,Ville-Marie,6105,Plessis / René-Lévesque,-73.55195805430411,45.51937252291976,"['KEY', 'CREDITCARD']",19.0
94,Ville-Marie,6106,Papineau / René-Lévesque,-73.54926,45.52114,"['KEY', 'CREDITCARD']",25.0
95,Ville-Marie,6107,St-Mathieu / Ste-Catherine,-73.57914626598358,45.49367956421703,"['KEY', 'CREDITCARD']",27.0
96,Ville-Marie,6108,Logan / Fullum,-73.55117082595825,45.52836601591233,"['KEY', 'CREDITCARD']",19.0
97,Ville-Marie,6109,Quai de la navette fluviale,-73.53838205337523,45.513741443172,"['KEY', 'CREDITCARD']",19.0
98,Ville-Marie,6110,Poupart / Ste-Catherine,-73.54619935154915,45.52900206660643,"['KEY', 'CREDITCARD']",19.0
99,Ville-Marie,6111,Parthenais / Ste-Catherine,-73.54886412620544,45.52600589494234,"['KEY', 'CREDITCARD']",23.0
100,Ville-Marie,6112,Montcalm / de Maisonneuve,-73.55786561965942,45.519139183741046,"['KEY', 'CREDITCARD']",19.0
101,Ville-Marie,6113,Alexandre-DeSève / Ste-Catherine,-73.55386108160019,45.52123044585842,"['KEY', 'CREDITCARD']",19.0
102,Ville-Marie,6114,Métro Papineau (Cartier / Ste-Catherine),-73.55199,45.52353,"['KEY', 'CREDITCARD']",25.0
103,Ville-Marie,6116,Plessis / Ontario,-73.56073021888733,45.52349210923463,"['KEY', 'CREDITCARD']",15.0
104,Ville-Marie,6117,de Maisonneuve / Aylmer (est),-73.57048004865646,45.50526304478131,"['KEY', 'CREDITCARD']",13.0
105,Ville-Marie,6118,de Champlain / Ontario,-73.56020584702492,45.52510954917077,"['KEY', 'CREDITCARD']",23.0
106,Ville-Marie,6119,Ontario / de Lorimier,-73.55753839015959,45.52773089755533,"['KEY', 'CREDITCARD']",35.0
107,Ville-Marie,6120,Métro Frontenac (Ontario / du Havre),-73.55217933654784,45.53370598779895,"['KEY', 'CREDITCARD']",23.0
108,Ville-Marie,6121,du Havre / de Rouen,-73.55478646466509,45.53456256501449,"['KEY', 'CREDITCARD']",27.0
109,Ville-Marie,6122,Logan / d'Iberville,-73.54913,45.53057,"['KEY', 'CREDITCARD']",19.0
110,Ville-Marie,6123,Alexandre-DeSève / la Fontaine,-73.55821833014488,45.52327641182773,"['KEY', 'CREDITCARD']",19.0
111,Ville-Marie,6124,Poupart / Ontario,-73.55343863368034,45.53193889278052,"['KEY', 'CREDITCARD']",15.0
112,Ville-Marie,6126,Fullum / de Rouen,-73.55871319770813,45.53213680524969,"['KEY', 'CREDITCARD']",27.0
113,Ville-Marie,6128,Hogan / Ontario,-73.55116009712219,45.53529548038031,"['KEY', 'CREDITCARD']",11.0
114,Ville-Marie,6129,de Bordeaux / Sherbrooke,-73.56305301189423,45.52997069129102,"['KEY', 'CREDITCARD']",19.0
115,Ville-Marie,6130,Sherbrooke / Frontenac,-73.56081,45.5367,"['KEY', 'CREDITCARD']",15.0
116,Ville-Marie,6132,Larivière / de Lorimier,-73.55923354625702,45.5291345371163,"['KEY', 'CREDITCARD']",35.0
117,Ville-Marie,6171,Wolfe / Robin,-73.5601159930229,45.51958082831579,"['KEY', 'CREDITCARD']",23.0
118,Ville-Marie,6180,St-Dominique / René-Lévesque,-73.56135785579681,45.5094183667176,"['KEY', 'CREDITCARD']",35.0
119,Ville-Marie,6194,Métro Atwater (Atwater / Ste-Catherine),-73.58456566929817,45.48947622882084,"['KEY', 'CREDITCARD']",27.0
120,Ville-Marie,6215,Metcalfe / St-Catherine,-73.57245951890945,45.50083231626815,"['KEY', 'CREDITCARD']",43.0
121,Ville-Marie,6269,Wurtele / de Rouen,-73.5533943772316,45.5376278134876,"['KEY', 'CREDITCARD']",15.0
122,Ville-Marie,6359,Ste-Catherine / St-Laurent,-73.5638952255249,45.50981336049594,"['KEY', 'CREDITCARD']",27.0
123,Ville-Marie,6413,Union / Cathcart,-73.56875538825989,45.50355184389659,"['KEY', 'CREDITCARD']",34.0
124,Ville-Marie,6424,Square Chaboillez (St-Jacques / de la Cathédrale),-73.56491714715958,45.49656303562923,,
125,Ville-Marie,6501,Metro Jean-Drapeau (Chemin Macdonald),-73.5311159491539,45.512800575819625,"['KEY', 'CREDITCARD']",47.0
126,Ville-Marie,6502,Casino de Montréal,-73.52457672,45.5063732,"['KEY', 'CREDITCARD']",19.0
127,Ville-Marie,6504,La Ronde,-73.53533238172531,45.52156536710626,"['KEY', 'CREDITCARD']",23.0
128,Ville-Marie,6701,Stanley / Sherbrooke,-73.57717752456664,45.50104110864491,"['KEY', 'CREDITCARD']",23.0
129,Ville-Marie,6729,St-André / Ste-Catherine,-73.5581123828888,45.516426545782224,"['KEY', 'CREDITCARD']",15.0
130,Ville-Marie,6738,Union / René-Lévesque,-73.56658279895781,45.50235036136798,"['KEY', 'CREDITCARD']",31.0
131,Ville-Marie,6743,St-Marc / Sherbrooke,-73.583368,45.494514,"['KEY', 'CREDITCARD']",15.0
132,Ville-Marie,6749,St-Jacques / St-Laurent,-73.55646550655365,45.50642115207643,"['KEY', 'CREDITCARD']",15.0
133,Ville-Marie,6901,Gare d'autocars de Montréal (Berri / Ontario),-73.5639488697052,45.51689676614314,"['KEY', 'CREDITCARD']",15.0
134,Ville-Marie,6902,Montcalm / Ontario,-73.56227517127991,45.521081043206834,"['KEY', 'CREDITCARD']",23.0
135,Ville-Marie,7003,Métro Guy-Concordia (Guy / St-Catherine),-73.57773274183273,45.49498148219463,"['KEY', 'CREDITCARD']",31.0
136,Ville-Marie,7009,Place Émilie-Gamelin (de Maisonneuve / Berri),-73.56096625328064,45.51569016499682,,
137,Ville-Marie,7011,Panet / de Maisonneuve,-73.55614364147186,45.52057363501344,"['KEY', 'CREDITCARD']",27.0
138,Ville-Marie,7012,St-Hubert / René-Lévesque,-73.55646349489689,45.51433537033962,"['KEY', 'CREDITCARD']",19.0
139,Ville-Marie,7041,de Maisonneuve / Peel,-73.57457846403122,45.50095054783712,"['KEY', 'CREDITCARD']",31.0
140,Ville-Marie,7046,de Maisonneuve / Mansfield (nord),-73.57333794236183,45.50238607958335,"['KEY', 'CREDITCARD']",15.0
141,Ville-Marie,7066,St-Urbain / de la Gauchetière,-73.56139540672302,45.50707812811467,"['KEY', 'CREDITCARD']",43.0
142,Ville-Marie,7067,City Councillors / du President-Kennedy,-73.57139065861702,45.50625103256782,"['KEY', 'CREDITCARD']",31.0
143,Ville-Marie,7069,Jeanne-Mance / René-Lévesque,-73.5642009973526,45.5063713381299,"['KEY', 'CREDITCARD']",66.0
144,Ville-Marie,7071,St-Mathieu / Sherbrooke,-73.58259558677672,45.49578910481176,"['KEY', 'CREDITCARD']",23.0
145,Ville-Marie,7072,Beaudry / Sherbrooke,-73.56539458036421,45.52303493310712,"['KEY', 'CREDITCARD']",27.0
146,Ville-Marie,7073,Logan / de Champlain,-73.55584256350994,45.5231943285584,"['KEY', 'CREDITCARD']",19.0
147,Ville-Marie,7074,St-André / Robin,-73.56185138225555,45.5181280865132,"['KEY', 'CREDITCARD']",15.0
148,Ville-Marie,7076,Tupper / du Fort,-73.58078241348267,45.49122961531575,"['KEY', 'CREDITCARD']",19.0
149,Ville-Marie,7077,Jean Langlois / Fullum,-73.54575277422555,45.526499983000186,"['KEY', 'CREDITCARD']",31.0
150,Ville-Marie,7078,Hochelaga / Chapleau,-73.55965197086334,45.53445294687473,"['KEY', 'CREDITCARD']",23.0
151,Ville-Marie,7079,Notre-Dame / Gauvin,-73.56019914150238,45.50010529681542,"['KEY', 'CREDITCARD']",19.0
152,Ville-Marie,7080,du President-Kennedy / Union,-73.57202768325806,45.50501114975704,"['KEY', 'CREDITCARD']",23.0
153,Ville-Marie,7081,St-Denis / de Maisonneuve,-73.56173202395439,45.514384629068346,"['KEY', 'CREDITCARD']",23.0
154,Ville-Marie,7084,McTavish / Sherbrooke,-73.57602417469025,45.502812816508936,"['KEY', 'CREDITCARD']",23.0
155,Ville-Marie,7139,Parc Plage,-73.52779269218445,45.50282785563674,"['KEY', 'CREDITCARD']",15.0
156,Ville-Marie,7146,Lusignan / St-Jacques,-73.56934815645218,45.492222393331566,"['KEY', 'CREDITCARD']",23.0
157,Le Plateau-Mont-Royal,6019,Métro Sherbrooke (de Rigaud / Berri),-73.56818407773972,45.51799893773692,"['KEY', 'CREDITCARD']",23.0
158,Le Plateau-Mont-Royal,6044,Roy / St-André,-73.57036739587784,45.521564270906616,"['KEY', 'CREDITCARD']",23.0
159,Le Plateau-Mont-Royal,6047,University / Prince-Arthur,-73.57844352722168,45.507401678946415,"['KEY', 'CREDITCARD']",47.0
160,Le Plateau-Mont-Royal,6070,Milton / University,-73.57634872,45.5064484,"['KEY', 'CREDITCARD']",31.0
161,Le Plateau-Mont-Royal,6079,Hutchison / Prince-Arthur,-73.57610732316971,45.50975858607626,"['KEY', 'CREDITCARD']",23.0
162,Le Plateau-Mont-Royal,6089,Henri-Julien / du Carmel,-73.59482109546661,45.527839413108,"['KEY', 'CREDITCARD']",23.0
163,Le Plateau-Mont-Royal,6094,de Gaspé / Fairmount,-73.5929274559021,45.52564776553033,"['KEY', 'CREDITCARD']",23.0
164,Le Plateau-Mont-Royal,6131,Fullum / Sherbrooke,-73.562425,45.533924,"['KEY', 'CREDITCARD']",43.0
165,Le Plateau-Mont-Royal,6133,Chapleau / Terrasse Mercure,-73.56516659259796,45.53673838509649,"['KEY', 'CREDITCARD']",15.0
166,Le Plateau-Mont-Royal,6134,Bercy / Rachel,-73.56196403503418,45.53840340979245,"['KEY', 'CREDITCARD']",15.0
167,Le Plateau-Mont-Royal,6136,Métro Laurier (Rivard / Laurier),-73.5891147,45.52761627,"['KEY', 'CREDITCARD']",19.0
168,Le Plateau-Mont-Royal,6137,Cartier / Gauthier,-73.56698781251907,45.53034708827074,"['KEY', 'CREDITCARD']",19.0
169,Le Plateau-Mont-Royal,6138,Gauthier / de Lorimier,-73.56541335582732,45.53167355364312,"['KEY', 'CREDITCARD']",15.0
170,Le Plateau-Mont-Royal,6139,Gauthier / Parthenais,-73.56377989053726,45.53292625574653,"['KEY', 'CREDITCARD']",15.0
171,Le Plateau-Mont-Royal,6140,Marquette / Rachel,-73.5702896118164,45.5298015824607,"['KEY', 'CREDITCARD']",15.0
172,Le Plateau-Mont-Royal,6141,des Érables / Rachel,-73.5668671131134,45.53354753725336,"['KEY', 'CREDITCARD']",19.0
173,Le Plateau-Mont-Royal,6142,Calixa-Lavallée / Rachel,-73.57193917036057,45.527794785525096,"['KEY', 'CREDITCARD']",31.0
174,Le Plateau-Mont-Royal,6143,Rachel / de Brébeuf,-73.57264,45.52689,"['KEY', 'CREDITCARD']",29.0
175,Le Plateau-Mont-Royal,6145,du Parc-La Fontaine / Duluth,-73.57197672128677,45.52451761488783,"['KEY', 'CREDITCARD']",23.0
176,Le Plateau-Mont-Royal,6146,du Parc-La Fontaine / Roy,-73.56901288032532,45.52317047138824,"['KEY', 'CREDITCARD']",23.0
177,Le Plateau-Mont-Royal,6147,Calixa-Lavallée / Sherbrooke,-73.56545,45.52479,"['KEY', 'CREDITCARD']",23.0
178,Le Plateau-Mont-Royal,6148,Émile-Duployé / Sherbrooke,-73.56472939252852,45.52720058937288,"['KEY', 'CREDITCARD']",27.0
179,Le Plateau-Mont-Royal,6149,Chapleau / du Mont-Royal,-73.56936,45.53867,"['KEY', 'CREDITCARD']",19.0
180,Le Plateau-Mont-Royal,6150,Messier / du Mont-Royal,-73.5710031,45.53711414,"['KEY', 'CREDITCARD']",19.0
181,Le Plateau-Mont-Royal,6151,Parthenais / du Mont-Royal,-73.57146307826042,45.53646917409483,"['KEY', 'CREDITCARD']",23.0
182,Le Plateau-Mont-Royal,6152,Chabot / du Mont-Royal,-73.57358872890472,45.53418509490266,"['KEY', 'CREDITCARD']",23.0
183,Le Plateau-Mont-Royal,6153,Cartier / Marie-Anne,-73.571776,45.532674,"['KEY', 'CREDITCARD']",23.0
184,Le Plateau-Mont-Royal,6154,Marquette / du Mont-Royal,-73.57544,45.53229,"['KEY', 'CREDITCARD']",19.0
185,Le Plateau-Mont-Royal,6155,Garnier / du Mont-Royal,-73.57674,45.53092,"['KEY', 'CREDITCARD']",27.0
186,Le Plateau-Mont-Royal,6156,Marie-Anne / de la Roche,-73.57618510723114,45.52775814390426,"['KEY', 'CREDITCARD']",19.0
187,Le Plateau-Mont-Royal,6157,de Brébeuf / du Mont-Royal,-73.57815384864807,45.52940777616881,"['KEY', 'CREDITCARD']",27.0
188,Le Plateau-Mont-Royal,6158,Gilford / de Brébeuf,-73.58162596821785,45.53081622781595,"['KEY', 'CREDITCARD']",19.0
189,Le Plateau-Mont-Royal,6160,Garnier / St-Joseph,-73.58122229576111,45.5329774553515,"['KEY', 'CREDITCARD']",23.0
190,Le Plateau-Mont-Royal,6161,Cartier / St-Joseph,-73.57869029045105,45.53582823686429,"['KEY', 'CREDITCARD']",18.0
191,Le Plateau-Mont-Royal,6163,Marquette / Laurier,-73.5822,45.53543,"['KEY', 'CREDITCARD']",27.0
192,Le Plateau-Mont-Royal,6164,de Lanaudière / Laurier,-73.58373686671257,45.5333136054992,"['KEY', 'CREDITCARD']",19.0
193,Le Plateau-Mont-Royal,6165,Laurier / de Brébeuf,-73.58481109142303,45.53251395631143,"['KEY', 'CREDITCARD']",31.0
194,Le Plateau-Mont-Royal,6166,Gerry-Boulet / St-Grégoire,-73.589306473732,45.5337352275406,"['KEY', 'CREDITCARD']",23.0
195,Le Plateau-Mont-Royal,6167,Marquette / St-Grégoire,-73.58584,45.53703,"['KEY', 'CREDITCARD']",27.0
196,Le Plateau-Mont-Royal,6169,Boyer / du Mont-Royal,-73.57991673052311,45.527432126380575,"['KEY', 'CREDITCARD']",19.0
197,Le Plateau-Mont-Royal,6170,de Mentana / Laurier,-73.58763813972473,45.53045006508681,"['KEY', 'CREDITCARD']",23.0
198,Le Plateau-Mont-Royal,6173,Berri / Cherrier,-73.56950908899307,45.51908844137639,"['KEY', 'CREDITCARD']",39.0
199,Le Plateau-Mont-Royal,6174,Roy / St-Denis,-73.5727,45.51908,"['KEY', 'CREDITCARD']",23.0
200,Le Plateau-Mont-Royal,6175,St-Christophe / Cherrier,-73.5682162642479,45.52027785033668,"['KEY', 'CREDITCARD']",31.0
201,Le Plateau-Mont-Royal,6176,de Mentana / Rachel,-73.57555881142616,45.52496323980324,"['KEY', 'CREDITCARD']",19.0
202,Le Plateau-Mont-Royal,6177,St-Hubert / Duluth,-73.57418417930603,45.52242565278864,"['KEY', 'CREDITCARD']",23.0
203,Le Plateau-Mont-Royal,6178,Rivard / Rachel,-73.5775906,45.5222776,"['KEY', 'CREDITCARD']",15.0
204,Le Plateau-Mont-Royal,6179,Duluth / St-Denis,-73.57598394155502,45.52060423232697,"['KEY', 'CREDITCARD']",15.0
205,Le Plateau-Mont-Royal,6181,Clark / Rachel,-73.58212888,45.5173538,"['KEY', 'CREDITCARD']",31.0
206,Le Plateau-Mont-Royal,6182,de Bullion / du Mont-Royal,-73.58526840806007,45.52175120848515,"['KEY', 'CREDITCARD']",15.0
207,Le Plateau-Mont-Royal,6183,Laval / du Mont-Royal,-73.58414590358734,45.5223645775784,"['KEY', 'CREDITCARD']",19.0
208,Le Plateau-Mont-Royal,6184,Métro Mont-Royal (Rivard / du Mont-Royal),-73.58255,45.524673,"['KEY', 'CREDITCARD']",39.0
209,Le Plateau-Mont-Royal,6186,St-Hubert / Laurier,-73.58865737915039,45.52931012171625,"['KEY', 'CREDITCARD']",15.0
210,Le Plateau-Mont-Royal,6187,Resther / du Mont-Royal,-73.58177483081818,45.52562819123256,"['KEY', 'CREDITCARD']",23.0
211,Le Plateau-Mont-Royal,6188,de Mentana / Marie-Anne,-73.57785880565643,45.52602656522141,"['KEY', 'CREDITCARD']",27.0
212,Le Plateau-Mont-Royal,6190,Pontiac / Gilford,-73.58576595783234,45.527009334270645,"['KEY', 'CREDITCARD']",23.0
213,Le Plateau-Mont-Royal,6192,Berri / St-Grégoire,-73.5919028520584,45.52996959525513,"['KEY', 'CREDITCARD']",23.0
214,Le Plateau-Mont-Royal,6193,de l'Esplanade / Fairmount,-73.596758,45.521495,"['KEY', 'CREDITCARD']",15.0
215,Le Plateau-Mont-Royal,6195,de Bullion / St-Joseph,-73.59014332294464,45.5240365462478,"['KEY', 'CREDITCARD']",31.0
216,Le Plateau-Mont-Royal,6196,Villeneuve / St-Laurent,-73.58941912651062,45.52134173413233,"['KEY', 'CREDITCARD']",23.0
217,Le Plateau-Mont-Royal,6197,de Bordeaux / Masson,-73.5824453830719,45.53898439552301,"['KEY', 'CREDITCARD']",19.0
218,Le Plateau-Mont-Royal,6198,Hélène-Baillargeon / St-Denis,-73.59527,45.52974,"['KEY', 'CREDITCARD']",23.0
219,Le Plateau-Mont-Royal,6199,St-Viateur / St-Laurent,-73.59883904457092,45.52593073022709,"['KEY', 'CREDITCARD']",15.0
220,Le Plateau-Mont-Royal,6200,Maguire / St-Laurent,-73.5958108305931,45.52462848559264,"['KEY', 'CREDITCARD']",23.0
221,Le Plateau-Mont-Royal,6201,Villeneuve / de l'Hôtel-de-Ville,-73.58733236789703,45.52354419830203,"['KEY', 'CREDITCARD']",23.0
222,Le Plateau-Mont-Royal,6202,Ste-Famille / Sherbrooke,-73.57075229287146,45.51007154847701,"['KEY', 'CREDITCARD']",35.0
223,Le Plateau-Mont-Royal,6203,Aylmer / Sherbrooke,-73.57329905033112,45.50658668914343,"['KEY', 'CREDITCARD']",27.0
224,Le Plateau-Mont-Royal,6204,Milton / Durocher,-73.57492983341217,45.508140959417744,"['KEY', 'CREDITCARD']",27.0
225,Le Plateau-Mont-Royal,6205,Milton / du Parc,-73.57386365532875,45.50936142835129,"['KEY', 'CREDITCARD']",31.0
226,Le Plateau-Mont-Royal,6206,Prince-Arthur / du Parc,-73.57547,45.51059,"['KEY', 'CREDITCARD']",39.0
227,Le Plateau-Mont-Royal,6207,Ste-Famille / des Pins,-73.57688784599304,45.51283174510449,"['KEY', 'CREDITCARD']",11.0
228,Le Plateau-Mont-Royal,6208,Hutchison / des Pins,-73.57805,45.51069,"['KEY', 'CREDITCARD']",23.0
229,Le Plateau-Mont-Royal,6209,Milton / Clark,-73.57067719101906,45.51254135285248,"['KEY', 'CREDITCARD']",27.0
230,Le Plateau-Mont-Royal,6211,Roy / St-Laurent,-73.57580825686453,45.515616239398405,"['KEY', 'CREDITCARD']",23.0
231,Le Plateau-Mont-Royal,6212,Duluth / de l'Esplanade,-73.58114182949066,45.51509198406273,"['KEY', 'CREDITCARD']",23.0
232,Le Plateau-Mont-Royal,6213,Duluth / St-Laurent,-73.57946008443832,45.51687640567004,"['KEY', 'CREDITCARD']",15.0
233,Le Plateau-Mont-Royal,6214,Square St-Louis (du Square St-Louis / Laval),-73.5701286792755,45.516090801970655,"['KEY', 'CREDITCARD']",31.0
234,Le Plateau-Mont-Royal,6216,Parc Jeanne Mance (monument sir George-Etienne Cartier),-73.58477890491486,45.51483985896893,"['KEY', 'CREDITCARD']",43.0
235,Le Plateau-Mont-Royal,6217,Vallières / St-Laurent,-73.5836161673069,45.51896722332005,"['KEY', 'CREDITCARD']",23.0
236,Le Plateau-Mont-Royal,6218,Prince-Arthur / St-Urbain,-73.57373893260956,45.51258740220925,"['KEY', 'CREDITCARD']",27.0
237,Le Plateau-Mont-Royal,6219,de l'Hôtel-de-Ville / Roy,-73.57460528612137,45.51740076184449,"['KEY', 'CREDITCARD']",19.0
238,Le Plateau-Mont-Royal,6220,Laval / Duluth,-73.57718020677567,45.519216236873945,"['KEY', 'CREDITCARD']",27.0
239,Le Plateau-Mont-Royal,6221,du Mont-Royal / Clark,-73.58685,45.51941,"['KEY', 'CREDITCARD']",27.0
240,Le Plateau-Mont-Royal,6222,de l'Esplanade / du Mont-Royal,-73.5883381962776,45.51825290855221,"['KEY', 'CREDITCARD']",23.0
241,Le Plateau-Mont-Royal,6223,du Mont-Royal / du Parc,-73.589,45.517,"['KEY', 'CREDITCARD']",33.0
242,Le Plateau-Mont-Royal,6224,Villeneuve / du Parc,-73.59235,45.51829,"['KEY', 'CREDITCARD']",15.0
243,Le Plateau-Mont-Royal,6225,Villeneuve / St-Urbain,-73.590559,45.520188,"['KEY', 'CREDITCARD']",19.0
244,Le Plateau-Mont-Royal,6227,de l'Esplanade / Laurier,-73.59490692615509,45.52103885732127,"['KEY', 'CREDITCARD']",23.0
245,Le Plateau-Mont-Royal,6228,Waverly / Van Horne,-73.607723,45.527363,"['KEY', 'CREDITCARD']",15.0
246,Le Plateau-Mont-Royal,6229,Coloniale / du Mont-Royal,-73.5856157541275,45.5211613236904,"['KEY', 'CREDITCARD']",19.0
247,Le Plateau-Mont-Royal,6230,Waverly / St-Viateur,-73.60012650489807,45.5238561444472,"['KEY', 'CREDITCARD']",19.0
248,Le Plateau-Mont-Royal,6231,Jeanne-Mance / St-Viateur,-73.60184043645859,45.523026476635074,"['KEY', 'CREDITCARD']",23.0
249,Le Plateau-Mont-Royal,6233,Bernard / Jeanne-Mance,-73.60497325658798,45.5242864769531,"['KEY', 'CREDITCARD']",27.0
250,Le Plateau-Mont-Royal,6234,de l'Arcade / Clark,-73.60393524169922,45.527410360532215,"['KEY', 'CREDITCARD']",19.0
251,Le Plateau-Mont-Royal,6235,St-Dominique / St-Viateur,-73.5982757806778,45.52655700191558,"['KEY', 'CREDITCARD']",31.0
252,Le Plateau-Mont-Royal,6236,Laurier / de Bordeaux,-73.57978463172913,45.5376492623372,"['KEY', 'CREDITCARD']",19.0
253,Le Plateau-Mont-Royal,6237,Gilford / de Lanaudière,-73.58044445514679,45.53200800170645,"['KEY', 'CREDITCARD']",15.0
254,Le Plateau-Mont-Royal,6248,St-Dominique / Rachel,-73.581566,45.518593,"['KEY', 'CREDITCARD']",23.0
255,Le Plateau-Mont-Royal,6265,Parthenais / Laurier,-73.5774591565132,45.539258526059406,"['KEY', 'CREDITCARD']",15.0
256,Le Plateau-Mont-Royal,6274,de la Roche / St-Joseph,-73.583695,45.531164,"['KEY', 'CREDITCARD']",19.0
257,Le Plateau-Mont-Royal,6280,Casgrain / Laurier,-73.5918103158474,45.52437479806464,"['KEY', 'CREDITCARD']",23.0
258,Le Plateau-Mont-Royal,6281,Resther / St-Joseph,-73.58625277876854,45.52769780849099,"['KEY', 'CREDITCARD']",15.0
259,Le Plateau-Mont-Royal,6307,Laval / Rachel,-73.57942387461662,45.52017845247635,"['KEY', 'CREDITCARD']",19.0
260,Le Plateau-Mont-Royal,6314,de Lanaudière / Marie-Anne,-73.57480645179749,45.52932643090091,"['KEY', 'CREDITCARD']",19.0
261,Le Plateau-Mont-Royal,6385,de Bordeaux / Gilford,-73.5762870311737,45.53611005443118,"['KEY', 'CREDITCARD']",19.0
262,Le Plateau-Mont-Royal,6411,Clark / Prince-Arthur,-73.57296109199524,45.5133025720765,"['KEY', 'CREDITCARD']",31.0
263,Le Plateau-Mont-Royal,6750,de Mentana / Gilford,-73.58385890722275,45.52872356043453,"['KEY', 'CREDITCARD']",19.0
264,Le Plateau-Mont-Royal,6903,St-Dominique / Napoléon,-73.57722043991089,45.51666442219882,"['KEY', 'CREDITCARD']",23.0
265,Le Plateau-Mont-Royal,6926,Marie-Anne / St-Hubert,-73.5788968205452,45.5246829812827,"['KEY', 'CREDITCARD']",19.0
266,Le Plateau-Mont-Royal,6929,St-André / St-Grégoire,-73.59242051839828,45.53147464147482,"['KEY', 'CREDITCARD']",19.0
267,Le Plateau-Mont-Royal,7019,Casgrain / St-Viateur,-73.59879076480864,45.52751292628879,"['KEY', 'CREDITCARD']",23.0
268,Le Plateau-Mont-Royal,7024,Berri / St-Joseph,-73.58672618865965,45.52723106564012,"['KEY', 'CREDITCARD']",18.0
269,Le Plateau-Mont-Royal,7025,St-Dominique / Bernard,-73.60122251338906,45.52793332015246,"['KEY', 'CREDITCARD']",23.0
270,Le Plateau-Mont-Royal,7026,Maguire / Henri-Julien,-73.59347056655677,45.527041096087785,"['KEY', 'CREDITCARD']",19.0
271,Le Plateau-Mont-Royal,7027,Terrasse Guindon / Fullum,-73.56913894414902,45.537114135456825,"['KEY', 'CREDITCARD']",15.0
272,Le Plateau-Mont-Royal,7028,de Gaspé / St-Viateur,-73.59743893146515,45.52774827884841,"['KEY', 'CREDITCARD']",19.0
273,Le Plateau-Mont-Royal,7029,Cartier / Masson,-73.58352363109587,45.5380207402854,"['KEY', 'CREDITCARD']",19.0
274,Le Plateau-Mont-Royal,7030,de Bordeaux / Marie-Anne,-73.57065707445145,45.53340912723174,"['KEY', 'CREDITCARD']",11.0
275,Le Plateau-Mont-Royal,7031,Berri / Rachel,-73.5772043466568,45.52271891082773,"['KEY', 'CREDITCARD']",15.0
276,Le Plateau-Mont-Royal,7032,Drolet / Laurier,-73.58975838928018,45.52625187609252,"['KEY', 'CREDITCARD']",27.0
277,Le Plateau-Mont-Royal,7033,Aylmer / Prince-Arthur,-73.57769787311554,45.50856686947439,"['KEY', 'CREDITCARD']",19.0
278,Le Plateau-Mont-Royal,7035,Fullum / Gilford,-73.57383679656778,45.53922374455291,"['KEY', 'CREDITCARD']",15.0
279,Le Plateau-Mont-Royal,7036,Labadie / du Parc,-73.59682738780975,45.5198946757576,"['KEY', 'CREDITCARD']",15.0
280,Le Plateau-Mont-Royal,7037,Prince-Arthur / Ste-Famille,-73.57463479042053,45.5116382139746,"['KEY', 'CREDITCARD']",23.0
281,Le Plateau-Mont-Royal,7038,Guilbault / Clark,-73.57523024082184,45.514107949601446,"['KEY', 'CREDITCARD']",19.0
282,Le Plateau-Mont-Royal,7083,Parc de Bullion (de Bullion / Prince-Arthur),-73.57213497161865,45.515604257816335,"['KEY', 'CREDITCARD']",19.0
283,Le Plateau-Mont-Royal,7113,Casgrain / Maguire,-73.59525293111801,45.52593260934618,"['KEY', 'CREDITCARD']",15.0
284,Le Sud-Ouest,10002,Métro Charlevoix (Centre / Charlevoix),-73.56965124607086,45.47822787309145,"['KEY', 'CREDITCARD']",23.0
285,Le Sud-Ouest,6029,Bourget / St-Jacques,-73.58386158943176,45.48084576334506,"['KEY', 'CREDITCARD']",19.0
286,Le Sud-Ouest,6086,Basin / du Séminaire,-73.56017231941223,45.49045242854756,"['KEY', 'CREDITCARD']",19.0
287,Le Sud-Ouest,6088,Richmond / Notre-Dame,-73.56777101755141,45.4891601257399,"['KEY', 'CREDITCARD']",31.0
288,Le Sud-Ouest,6159,Ann / Wellington,-73.55675250291823,45.49452705626516,"['KEY', 'CREDITCARD']",19.0
289,Le Sud-Ouest,6313,Palm / St-Remi,-73.589848,45.470303,"['KEY', 'CREDITCARD']",23.0
290,Le Sud-Ouest,6349,Ryde / Charlevoix,-73.5646007,45.4757434,"['KEY', 'CREDITCARD']",27.0
291,Le Sud-Ouest,6350,Island / Centre,-73.56475353240967,45.48149081388884,"['KEY', 'CREDITCARD']",23.0
292,Le Sud-Ouest,6375,Métro Place St-Henri (St-Ferdinand / St-Jacques),-73.587238,45.477249,"['KEY', 'CREDITCARD']",23.0
293,Le Sud-Ouest,6377,Grand Trunk / Hibernia,-73.56385,45.47968,"['KEY', 'CREDITCARD']",23.0
294,Le Sud-Ouest,6401,des Seigneurs / Notre-Dame,-73.5690826177597,45.48772278774177,"['KEY', 'CREDITCARD']",23.0
295,Le Sud-Ouest,6402,Ste-Émilie / Sir-Georges-Etienne-Cartier,-73.585389778018,45.47266800851548,"['KEY', 'CREDITCARD']",23.0
296,Le Sud-Ouest,6403,Georges-Vanier / Notre-Dame,-73.5719633102417,45.48504797982277,"['KEY', 'CREDITCARD']",19.0
297,Le Sud-Ouest,6404,Quesnel / Vinet,-73.577514,45.485889,"['KEY', 'CREDITCARD']",19.0
298,Le Sud-Ouest,6405,Duvernay / Charlevoix,-73.57487618923187,45.4820980397155,"['KEY', 'CREDITCARD']",19.0
299,Le Sud-Ouest,6406,Marché Atwater,-73.57759863138199,45.48020822800015,"['KEY', 'CREDITCARD']",33.0
300,Le Sud-Ouest,6407,Charlevoix / Lionel-Groulx,-73.57731164,45.48392802,"['KEY', 'CREDITCARD']",23.0
301,Le Sud-Ouest,6408,Métro Georges-Vanier (St-Antoine / Canning),-73.57656,45.4891,"['KEY', 'CREDITCARD']",17.0
302,Le Sud-Ouest,6409,Lionel-Groulx / George-Vanier,-73.5737469792366,45.48621939184824,"['KEY', 'CREDITCARD']",27.0
303,Le Sud-Ouest,6414,Parc St-Henri (Laporte / Guay),-73.58590811491013,45.48013378575666,"['KEY', 'CREDITCARD']",15.0
304,Le Sud-Ouest,6707,Métro Jolicoeur (Drake / de Sève),-73.58193710446358,45.45608545783109,"['KEY', 'CREDITCARD']",19.0
305,Le Sud-Ouest,6709,Le Caron / Marc-Sauvalle ,-73.584039,45.461685,"['KEY', 'CREDITCARD']",23.0
306,Le Sud-Ouest,6724,Léa-Roback / Sir-Georges-Etienne-Cartier,-73.582643866539,45.47166862589184,"['KEY', 'CREDITCARD']",35.0
307,Le Sud-Ouest,6725,Métro Monk (Allard / Beaulieu),-73.5940272,45.45085122,"['KEY', 'CREDITCARD']",15.0
308,Le Sud-Ouest,6727,de la Sucrerie / Centre,-73.56091797351837,45.48408128505464,"['KEY', 'CREDITCARD']",23.0
309,Le Sud-Ouest,6732,Fortune / Wellington,-73.559038,45.477923,"['KEY', 'CREDITCARD']",27.0
310,Le Sud-Ouest,6741,Canning / Notre-Dame,-73.5702332854271,45.48631864401023,"['KEY', 'CREDITCARD']",23.0
311,Le Sud-Ouest,6742,St-Patrick / Briand,-73.59643578529356,45.46339729163665,"['KEY', 'CREDITCARD']",17.0
312,Le Sud-Ouest,6744,Hamilton / Jolicoeur,-73.597557,45.456355,"['KEY', 'CREDITCARD']",15.0
313,Le Sud-Ouest,6748,Young / Wellington,-73.55797827243805,45.49282530947313,"['KEY', 'CREDITCARD']",27.0
314,Le Sud-Ouest,6754,Eadie / Dubois,-73.59052859581423,45.45759682462104,"['KEY', 'CREDITCARD']",23.0
315,Le Sud-Ouest,6921,Augustin-Cantin / Shearer,-73.5634366,45.48401829,"['KEY', 'CREDITCARD']",31.0
316,Le Sud-Ouest,7034,Atwater / Greene,-73.57782661914825,45.48049514330605,"['KEY', 'CREDITCARD']",25.0
317,Le Sud-Ouest,7047,Ottawa / Peel,-73.55950713157654,45.49390894768301,"['KEY', 'CREDITCARD']",27.0
318,Le Sud-Ouest,7048,Métro Angrignon (Lamont /  des Trinitaires),-73.6021783483011,45.44704365278581,"['KEY', 'CREDITCARD']",27.0
319,Le Sud-Ouest,7049,William / Guy,-73.56473073363304,45.48986545713166,"['KEY', 'CREDITCARD']",35.0
320,Le Sud-Ouest,7050,Ottawa / William,-73.56406286358833,45.48972725318433,"['KEY', 'CREDITCARD']",15.0
321,Le Sud-Ouest,7051,Jogues / Allard,-73.60030621290207,45.450020323797766,"['KEY', 'CREDITCARD']",19.0
322,Le Sud-Ouest,7052,Shearer / Centre,-73.56218665838242,45.483005619293046,"['KEY', 'CREDITCARD']",15.0
323,Le Sud-Ouest,7053,Ropery / Augustin-Cantin,-73.56846034526825,45.48091406771754,"['KEY', 'CREDITCARD']",23.0
324,Le Sud-Ouest,7054,de la Côte St-Paul / St-Ambroise,-73.59391784324544,45.46766565386597,"['KEY', 'CREDITCARD']",35.0
325,Le Sud-Ouest,7055,Rose-de-Lima / Notre-Dame,-73.5805356502533,45.47995026556018,"['KEY', 'CREDITCARD']",27.0
326,Le Sud-Ouest,7062,William / Robert-Bourassa,-73.55933010578154,45.49716534003792,"['KEY', 'CREDITCARD']",21.0
327,Le Sud-Ouest,7068,Basin / Richmond,-73.56507003307343,45.48753098712153,"['KEY', 'CREDITCARD']",31.0
328,Le Sud-Ouest,7070,Bourgeoys / Favard,-73.55592101812363,45.47993042065731,"['KEY', 'CREDITCARD']",23.0
329,Le Sud-Ouest,7082,Métro Lionel-Groulx (Atwater / Lionel-Groulx),-73.57974171638489,45.4829412691004,"['KEY', 'CREDITCARD']",19.0
330,Le Sud-Ouest,7114,Smith / Peel,-73.5564199090004,45.492837758845226,"['KEY', 'CREDITCARD']",19.0
331,Le Sud-Ouest,7140,St-Jacques / des Seigneurs,-73.57190027832984,45.48918571608228,"['KEY', 'CREDITCARD']",23.0
332,Le Sud-Ouest,7141,Turgeon / Notre-Dame,-73.58198940753937,45.47888852807208,"['KEY', 'CREDITCARD']",19.0
333,Rivière-des-Prairies-Pointe-aux-Trembles,6271,St-Jean-Baptiste / Notre-Dame,-73.49011301994324,45.640002860465096,"['KEY', 'CREDITCARD']",15.0
334,Rivière-des-Prairies-Pointe-aux-Trembles,7087,St-Jean-Baptiste / René-Lévesque,-73.50037515163422,45.64155705644063,"['KEY', 'CREDITCARD']",15.0
335,Rivière-des-Prairies-Pointe-aux-Trembles,7088,du Tricentenaire / de Montigny,-73.50041270256041,45.65140583915357,"['KEY', 'CREDITCARD']",15.0
336,Rivière-des-Prairies-Pointe-aux-Trembles,7089,du Tricentenaire / Prince-Albert,-73.49191546440125,45.64954588445726,"['KEY', 'CREDITCARD']",15.0
337,Lachine,7103,St-Joseph / 8e avenue Lachine,-73.67120504379272,45.43147138678842,"['KEY', 'CREDITCARD']",31.0
338,Lachine,7104,8e avenue / Notre-Dame Lachine,-73.67079868912697,45.43498715540587,"['KEY', 'CREDITCARD']",23.0
339,Lachine,7105,St-Joseph / 34e avenue Lachine,-73.69349151849747,45.432839840726125,"['KEY', 'CREDITCARD']",27.0
340,Lachine,7106,Victoria / 18e avenue Lachine,-73.6801904439926,45.43579350588776,"['KEY', 'CREDITCARD']",15.0
341,Lachine,7107,19e avenue / St-Joseph Lachine,-73.68140548467636,45.43312379149661,"['KEY', 'CREDITCARD']",15.0
342,Montréal-Nord,7122,de Belleville / Fleury,-73.64124342799187,45.58116002977833,"['KEY', 'CREDITCARD']",23.0
343,Montréal-Nord,7123,des Récollets / Martial,-73.64061713218689,45.59089190991344,"['KEY', 'CREDITCARD']",27.0
344,Ahuntsic-Cartierville,6162,Legendre / Henri-Julien,-73.64664673805237,45.54612387708119,"['KEY', 'CREDITCARD']",31.0
345,Ahuntsic-Cartierville,6210,Métro Sauvé (Berri / Sauvé),-73.65636706352234,45.55069206841976,"['KEY', 'CREDITCARD']",26.0
346,Ahuntsic-Cartierville,6410,Métro Crémazie (Crémazie / Lajeunesse),-73.63842844963074,45.54640752148169,"['KEY', 'CREDITCARD']",15.0
347,Ahuntsic-Cartierville,6412,Complexe sportif Claude-Robillard,-73.638615,45.553262,"['KEY', 'CREDITCARD']",23.0
348,Ahuntsic-Cartierville,6422,Fleury / Lajeunesse,-73.66208285093306,45.55357892880519,"['KEY', 'CREDITCARD']",15.0
349,Ahuntsic-Cartierville,6710,Chambord / Fleury,-73.65832507610321,45.55982811984724,"['KEY', 'CREDITCARD']",15.0
350,Ahuntsic-Cartierville,6716,Francis / Fleury,-73.6555677652359,45.56387237463668,"['KEY', 'CREDITCARD']",19.0
351,Ahuntsic-Cartierville,6726,Hamel / Sauvé,-73.6505614221096,45.56076192837154,"['KEY', 'CREDITCARD']",23.0
352,Ahuntsic-Cartierville,6736,Métro Henri-Bourassa (Henri-Bourassa / Millen),-73.66716161370277,45.55675103297278,"['KEY', 'CREDITCARD']",17.0
353,Ahuntsic-Cartierville,6737,Jacques-Casault / Christophe-Colomb,-73.630103,45.552123,"['KEY', 'CREDITCARD']",19.0
354,Ahuntsic-Cartierville,6917,Basile-Routhier / Chabanel,-73.64765658974648,45.54986843142164,"['KEY', 'CREDITCARD']",15.0
355,Ahuntsic-Cartierville,7002,Meunier / Fleury,-73.66681426763535,45.54485857398681,"['KEY', 'CREDITCARD']",19.0
356,Ahuntsic-Cartierville,7004,Émile-Journault / de Chateaubriand,-73.64063255488873,45.54983321292286,"['KEY', 'CREDITCARD']",31.0
357,Ahuntsic-Cartierville,7005,Marquette / Fleury,-73.65378744900227,45.56735205736566,"['KEY', 'CREDITCARD']",15.0
358,Ahuntsic-Cartierville,7006,Clark / Fleury,-73.6655656993389,45.54764847825576,"['KEY', 'CREDITCARD']",19.0
359,Ahuntsic-Cartierville,7090,de St-Firmin / Fleury,-73.65184217691422,45.57065664170425,"['KEY', 'CREDITCARD']",31.0
360,Ahuntsic-Cartierville,7091,Fleury / André-Jobin,-73.64676475524902,45.57600034155425,"['KEY', 'CREDITCARD']",19.0
361,Ahuntsic-Cartierville,7092,Gare Bois-de-Boulogne,-73.67716491222382,45.53972553109637,"['KEY', 'CREDITCARD']",31.0
362,Ahuntsic-Cartierville,7093,Laforest / Dudemaine,-73.6872661113739,45.539806548176045,"['KEY', 'CREDITCARD']",23.0
363,Ahuntsic-Cartierville,7094,Alfred Laliberté / de Poutrincourt,-73.6945965886116,45.53308032414161,"['KEY', 'CREDITCARD']",19.0
364,Ahuntsic-Cartierville,7095,Chabanel / de l'Esplanade,-73.65337640047073,45.54068551727877,"['KEY', 'CREDITCARD']",15.0
365,Ahuntsic-Cartierville,7096,Chabanel / du Parc,-73.6548838019371,45.53830765459552,"['KEY', 'CREDITCARD']",30.0
366,Saint-Léonard,7137,de Lisieux / Jean-Talon,-73.58168095350266,45.57934937043077,"['KEY', 'CREDITCARD']",23.0
367,Saint-Léonard,7138,Dumesnil / Bélanger,-73.56935352087021,45.587777966914885,"['KEY', 'CREDITCARD']",19.0
368,Mercier-Hochelaga-Maisonneuve,4000,Jeanne-d'Arc / Ontario,-73.54187428951263,45.54959767887176,"['KEY', 'CREDITCARD']",19.0
369,Mercier-Hochelaga-Maisonneuve,6002,Ste-Catherine / Dezery,-73.54099988937377,45.53938508196168,"['KEY', 'CREDITCARD']",19.0
370,Mercier-Hochelaga-Maisonneuve,6024,Bellerive / Duchesneau,-73.50982189178467,45.60761595633475,"['KEY', 'CREDITCARD']",27.0
371,Mercier-Hochelaga-Maisonneuve,6076,de Ville-Marie / Ste-Catherine,-73.52914720773697,45.55792114867545,"['KEY', 'CREDITCARD']",15.0
372,Mercier-Hochelaga-Maisonneuve,6346,Nicolet / Sherbrooke,-73.55464696884155,45.54969542033443,"['KEY', 'CREDITCARD']",27.0
373,Mercier-Hochelaga-Maisonneuve,6355,Ontario / Sicard,-73.53744059801102,45.55626186680846,"['KEY', 'CREDITCARD']",23.0
374,Mercier-Hochelaga-Maisonneuve,6386,Métro Préfontaine (Moreau / Hochelaga),-73.55571448802948,45.54178033474308,"['KEY', 'CREDITCARD']",31.0
375,Mercier-Hochelaga-Maisonneuve,6387,Métro Joliette  (Joliette / Hochelaga),-73.5515570640564,45.54690718297082,"['KEY', 'CREDITCARD']",19.0
376,Mercier-Hochelaga-Maisonneuve,6388,d'Orléans / Hochelaga,-73.54942739009857,45.55076798270114,"['KEY', 'CREDITCARD']",19.0
377,Mercier-Hochelaga-Maisonneuve,6391,Aylwin / Ontario,-73.54533970355988,45.54428417385149,"['KEY', 'CREDITCARD']",23.0
378,Mercier-Hochelaga-Maisonneuve,6393,Dézéry / Ontario,-73.54754984378815,45.54111008519643,"['KEY', 'CREDITCARD']",23.0
379,Mercier-Hochelaga-Maisonneuve,6394,Valois / Ontario,-73.54467451572418,45.54740496161695,"['KEY', 'CREDITCARD']",15.0
380,Mercier-Hochelaga-Maisonneuve,6395,Métro Viau (Pierre-de-Coubertin / Viau),-73.54661107063293,45.561782815423854,"['KEY', 'CREDITCARD']",55.0
381,Mercier-Hochelaga-Maisonneuve,6396,Métro Pie-IX (Pierre-de-Coubertin / Pie-IX),-73.55155974626541,45.55421375524564,"['KEY', 'CREDITCARD']",33.0
382,Mercier-Hochelaga-Maisonneuve,6397,Marché Maisonneuve,-73.53978216648102,45.55321884238814,"['KEY', 'CREDITCARD']",23.0
383,Mercier-Hochelaga-Maisonneuve,6398,Desjardins / Ontario,-73.54087248444557,45.5511918874866,"['KEY', 'CREDITCARD']",23.0
384,Mercier-Hochelaga-Maisonneuve,6417,de la Salle / Hochelaga,-73.54749351739883,45.55415230370231,"['KEY', 'CREDITCARD']",15.0
385,Mercier-Hochelaga-Maisonneuve,6700,de la Salle / Ste-Catherine,-73.53443384170531,45.54996328646854,"['KEY', 'CREDITCARD']",19.0
386,Mercier-Hochelaga-Maisonneuve,6702,Métro Assomption (Chauveau / de l'Assomption),-73.548081,45.569789,"['KEY', 'CREDITCARD']",27.0
387,Mercier-Hochelaga-Maisonneuve,6720,Ontario / Viau,-73.535496,45.5594818,"['KEY', 'CREDITCARD']",19.0
388,Mercier-Hochelaga-Maisonneuve,6721,Métro Cadillac (de Cadillac / Sherbrooke),-73.54683637619019,45.5769632283486,"['KEY', 'CREDITCARD']",19.0
389,Mercier-Hochelaga-Maisonneuve,6722,du Quesne / Pierre-de-Coubertin,-73.53884875774384,45.57498439946887,"['KEY', 'CREDITCARD']",23.0
390,Mercier-Hochelaga-Maisonneuve,6739,Pierre-de-Coubertin / Langelier,-73.5353136062622,45.580314546424674,"['KEY', 'CREDITCARD']",19.0
391,Mercier-Hochelaga-Maisonneuve,7016,Métro Langelier (Langelier / Sherbrooke),-73.54247644543648,45.58284663189181,"['KEY', 'CREDITCARD']",19.0
392,Mercier-Hochelaga-Maisonneuve,7017,Bennett / Ste-Catherine,-73.53242754936218,45.55305326642512,"['KEY', 'CREDITCARD']",19.0
393,Mercier-Hochelaga-Maisonneuve,7018,Valois / Ste-Catherine,-73.53725016117096,45.54522973039872,"['KEY', 'CREDITCARD']",19.0
394,Mercier-Hochelaga-Maisonneuve,7020,St-Germain / Hochelaga,-73.55367332696915,45.5436987529516,"['KEY', 'CREDITCARD']",15.0
395,Mercier-Hochelaga-Maisonneuve,7075,CIUSSS (du Trianon / Pierre-de-Coubertin),-73.5319072008133,45.58753125134183,"['KEY', 'CREDITCARD']",19.0
396,Mercier-Hochelaga-Maisonneuve,7115,Métro Radisson (Sherbrooke / des Groseilliers),-73.53965610265732,45.58917500418707,"['KEY', 'CREDITCARD']",15.0
397,Mercier-Hochelaga-Maisonneuve,7116,Métro Honoré-Beaugrand (Sherbrooke / Honoré-Beaugrand),-73.53517949581145,45.5967964774917,"['KEY', 'CREDITCARD']",23.0
398,Mercier-Hochelaga-Maisonneuve,7117,François-Boivin / Bélanger,-73.56617510318756,45.59259615276133,"['KEY', 'CREDITCARD']",15.0
399,Mercier-Hochelaga-Maisonneuve,7118,Tellier / des Futailles,-73.52183818817139,45.58600999065885,"['KEY', 'CREDITCARD']",19.0
400,Mercier-Hochelaga-Maisonneuve,7119,Notre-Dame / Liébert,-73.51046562194824,45.59280261038491,"['KEY', 'CREDITCARD']",27.0
401,Mercier-Hochelaga-Maisonneuve,7120,Notre-Dame / des Ormeaux,-73.5122399032116,45.59920617334637,"['KEY', 'CREDITCARD']",19.0
402,Mercier-Hochelaga-Maisonneuve,7121,de Bruxelles / Hochelaga,-73.52521777153015,45.59264808020603,"['KEY', 'CREDITCARD']",23.0
403,Côte-des-Neiges-Notre-Dame-de-Grâce,6080,Métro Vendôme (de Marlowe / de Maisonneuve),-73.60473453998564,45.47393028235147,"['KEY', 'CREDITCARD']",31.0
404,Côte-des-Neiges-Notre-Dame-de-Grâce,6101,Métro Villa-Maria (Décarie / de Monkland),-73.61979,45.479483,"['KEY', 'CREDITCARD']",26.0
405,Côte-des-Neiges-Notre-Dame-de-Grâce,6115,Benny / de Monkland,-73.63162770867348,45.46685123845205,"['KEY', 'CREDITCARD']",23.0
406,Côte-des-Neiges-Notre-Dame-de-Grâce,6125,Ellendale / de la Côte-des-Neiges,-73.629298,45.499757,"['KEY', 'CREDITCARD']",31.0
407,Côte-des-Neiges-Notre-Dame-de-Grâce,6240,Parc Kent (de Kent / Hudson),-73.62945914268494,45.5057209331225,"['KEY', 'CREDITCARD']",27.0
408,Côte-des-Neiges-Notre-Dame-de-Grâce,6263,de Hampton / de Monkland,-73.6270022392273,45.47117930747152,"['KEY', 'CREDITCARD']",15.0
409,Côte-des-Neiges-Notre-Dame-de-Grâce,6310,de Soissons / de Darlington,-73.62359181046486,45.50687644639119,"['KEY', 'CREDITCARD']",31.0
410,Côte-des-Neiges-Notre-Dame-de-Grâce,6312,de Kent / de la Côte-des-Neiges,-73.63305062055588,45.50144933057703,"['KEY', 'CREDITCARD']",39.0
411,Côte-des-Neiges-Notre-Dame-de-Grâce,6315,Métro Côte-des-Neiges (Jean-Brillant / de la Côte-des-Neiges),-73.62154394388199,45.49626477461565,"['KEY', 'CREDITCARD']",27.0
412,Côte-des-Neiges-Notre-Dame-de-Grâce,6316,Swail / Decelles,-73.61865252256392,45.49705494399436,"['KEY', 'CREDITCARD']",27.0
413,Côte-des-Neiges-Notre-Dame-de-Grâce,6339,Harvard / de Monkland,-73.62403571605682,45.474565185029945,"['KEY', 'CREDITCARD']",19.0
414,Côte-des-Neiges-Notre-Dame-de-Grâce,6354,Marcil / Sherbrooke,-73.613924,45.471743,"['KEY', 'CREDITCARD']",23.0
415,Côte-des-Neiges-Notre-Dame-de-Grâce,6356,de Monkland / Girouard,-73.6214379966259,45.47710675189806,"['KEY', 'CREDITCARD']",15.0
416,Côte-des-Neiges-Notre-Dame-de-Grâce,6363,de la Côte St-Antoine / Royal,-73.6198702454567,45.46892698487744,"['KEY', 'CREDITCARD']",19.0
417,Côte-des-Neiges-Notre-Dame-de-Grâce,6366,Wilderton  / Van Horne,-73.6247518658638,45.51014162409143,"['KEY', 'CREDITCARD']",19.0
418,Côte-des-Neiges-Notre-Dame-de-Grâce,6369,U. Concordia - Campus Loyola (Sherbrooke / West Broadway),-73.6394852399826,45.45750908083069,"['KEY', 'CREDITCARD']",27.0
419,Côte-des-Neiges-Notre-Dame-de-Grâce,6415,de Melrose / Sherbrooke,-73.61696138978003,45.46981978744856,"['KEY', 'CREDITCARD']",15.0
420,Côte-des-Neiges-Notre-Dame-de-Grâce,6416,Notre-Dame-de-Grâce / Décarie,-73.61537218093872,45.47735333523628,"['KEY', 'CREDITCARD']",15.0
421,Côte-des-Neiges-Notre-Dame-de-Grâce,6418,Paré / Mountain Sights,-73.65294188261032,45.49810026070624,"['KEY', 'CREDITCARD']",15.0
422,Côte-des-Neiges-Notre-Dame-de-Grâce,6419,Beaucourt / de la Côte-Ste-Catherine,-73.633649,45.491513,"['KEY', 'CREDITCARD']",23.0
423,Côte-des-Neiges-Notre-Dame-de-Grâce,6420,Métro Snowdon (de Westbury / Queen-Mary),-73.62814217805862,45.48538473242346,"['KEY', 'CREDITCARD']",27.0
424,Côte-des-Neiges-Notre-Dame-de-Grâce,6423,Hôpital général juif (de la Côte Ste-Catherine / Légaré),-73.629822,45.496302,"['KEY', 'CREDITCARD']",19.0
425,Côte-des-Neiges-Notre-Dame-de-Grâce,6717,de Kent / Victoria,-73.63870203495026,45.49456403292622,"['KEY', 'CREDITCARD']",19.0
426,Côte-des-Neiges-Notre-Dame-de-Grâce,6718,Grand Boulevard / Sherbrooke,-73.623295,45.466569,"['KEY', 'CREDITCARD']",19.0
427,Côte-des-Neiges-Notre-Dame-de-Grâce,6719,Park Row O / Sherbrooke,-73.63407254219055,45.46072936353252,"['KEY', 'CREDITCARD']",15.0
428,Côte-des-Neiges-Notre-Dame-de-Grâce,6927,Édouard-Montpetit / de Stirling,-73.615085,45.50723,"['KEY', 'CREDITCARD']",19.0
429,Côte-des-Neiges-Notre-Dame-de-Grâce,6928,Jean-Brillant / McKenna,-73.61886978149414,45.49876714523858,"['KEY', 'CREDITCARD']",23.0
430,Côte-des-Neiges-Notre-Dame-de-Grâce,7007,Kirkfield / de Chambois,-73.63389015197754,45.51293324107222,"['KEY', 'CREDITCARD']",27.0
431,Côte-des-Neiges-Notre-Dame-de-Grâce,7010,Coolbrook / Queen-Mary,-73.63034427165985,45.48285235405571,"['KEY', 'CREDITCARD']",23.0
432,Côte-des-Neiges-Notre-Dame-de-Grâce,7013,Benny / Sherbrooke,-73.62659722566605,45.4648769981855,"['KEY', 'CREDITCARD']",19.0
433,Côte-des-Neiges-Notre-Dame-de-Grâce,7014,Métro Université de Montréal (Édouard-Montpetit / Louis-Collin),-73.61797660589218,45.50427796704115,"['KEY', 'CREDITCARD']",27.0
434,Côte-des-Neiges-Notre-Dame-de-Grâce,7099,Vezina / Victoria,-73.64321619272232,45.49704689488635,"['KEY', 'CREDITCARD']",15.0
435,Côte-des-Neiges-Notre-Dame-de-Grâce,7100,Métro Namur (des Jockeys / Décarie),-73.65449488162994,45.49404432109336,"['KEY', 'CREDITCARD']",19.0
436,Côte-des-Neiges-Notre-Dame-de-Grâce,7101,Métro de la Savane (de Sorel / Bougainville),-73.66142839193344,45.50045094800223,"['KEY', 'CREDITCARD']",23.0
437,Côte-des-Neiges-Notre-Dame-de-Grâce,7102,Grand Boulevard / de Terrebonne,-73.63168001174927,45.47054370043364,"['KEY', 'CREDITCARD']",23.0
438,Rosemont-La Petite-Patrie,6006,18e avenue / Rosemont,-73.5765291005373,45.55789545752947,"['KEY', 'CREDITCARD']",31.0
439,Rosemont-La Petite-Patrie,6022,William-Tremblay / Molson,-73.56517732143402,45.541719808901306,"['KEY', 'CREDITCARD']",15.0
440,Rosemont-La Petite-Patrie,6033,16e avenue / Beaubien,-73.58315885066986,45.55828063767652,"['KEY', 'CREDITCARD']",15.0
441,Rosemont-La Petite-Patrie,6051,de Gaspé / Marmier,-73.601728,45.529686,"['KEY', 'CREDITCARD']",19.0
442,Rosemont-La Petite-Patrie,6082,5e avenue / Rosemont,-73.58308374881744,45.54990048023633,"['KEY', 'CREDITCARD']",19.0
443,Rosemont-La Petite-Patrie,6168,Marmier / St-Denis,-73.59834551811218,45.530871318676006,"['KEY', 'CREDITCARD']",27.0
444,Rosemont-La Petite-Patrie,6185,des Érables / Bélanger,-73.60087350010872,45.54912085535069,"['KEY', 'CREDITCARD']",15.0
445,Rosemont-La Petite-Patrie,6191,St-Zotique / Clark,-73.612674,45.531401,"['KEY', 'CREDITCARD']",15.0
446,Rosemont-La Petite-Patrie,6226,Hôpital Maisonneuve-Rosemont (Rosemont / Chatelain),-73.561562,45.575707,"['KEY', 'CREDITCARD']",31.0
447,Rosemont-La Petite-Patrie,6247,St-Dominique / St-Zotique,-73.6110632121563,45.53226461018495,"['KEY', 'CREDITCARD']",31.0
448,Rosemont-La Petite-Patrie,6249,Bélanger / St-Denis,-73.61199,45.53696,"['KEY', 'CREDITCARD']",23.0
449,Rosemont-La Petite-Patrie,6250,Marché Jean-Talon (Henri-Julien / Jean-Talon),-73.6148879583925,45.53678525128436,"['KEY', 'CREDITCARD']",23.0
450,Rosemont-La Petite-Patrie,6251,Dante / de Gaspé,-73.6123164743185,45.53441493337628,"['KEY', 'CREDITCARD']",23.0
451,Rosemont-La Petite-Patrie,6252,Mozart / St-Laurent,-73.61544,45.53318,"['KEY', 'CREDITCARD']",23.0
452,Rosemont-La Petite-Patrie,6254,Boyer / Bélanger,-73.60897,45.54006,"['KEY', 'CREDITCARD']",23.0
453,Rosemont-La Petite-Patrie,6255,Boyer / St-Zotique,-73.60556,45.53848,"['KEY', 'CREDITCARD']",19.0
454,Rosemont-La Petite-Patrie,6257,de St-Vallier / St-Zotique,-73.60754549503326,45.53626117851967,"['KEY', 'CREDITCARD']",19.0
455,Rosemont-La Petite-Patrie,6258,Parc Père-Marquette (Chambord / Rosemont),-73.59321847558022,45.53708783301333,"['KEY', 'CREDITCARD']",39.0
456,Rosemont-La Petite-Patrie,6259,Dandurand / de Lorimier,-73.584157,45.540881,"['KEY', 'CREDITCARD']",15.0
457,Rosemont-La Petite-Patrie,6260,Cartier / Dandurand,-73.58594566583633,45.53923559055867,"['KEY', 'CREDITCARD']",23.0
458,Rosemont-La Petite-Patrie,6261,Louis-Hémon / Rosemont,-73.58822286128998,45.54459855947176,"['KEY', 'CREDITCARD']",19.0
459,Rosemont-La Petite-Patrie,6262,de la Roche /  de Bellechasse,-73.59747648239136,45.53715922533132,"['KEY', 'CREDITCARD']",15.0
460,Rosemont-La Petite-Patrie,6264,Chabot / de Bellechasse,-73.59214425086974,45.5425697477813,"['KEY', 'CREDITCARD']",15.0
461,Rosemont-La Petite-Patrie,6266,Louis-Hébert / de Bellechasse,-73.58868420124054,45.546661109634606,"['KEY', 'CREDITCARD']",27.0
462,Rosemont-La Petite-Patrie,6267,Chabot / Beaubien,-73.59564453363419,45.54437554639807,"['KEY', 'CREDITCARD']",15.0
463,Rosemont-La Petite-Patrie,6268,Chambord / Beaubien,-73.59934329986572,45.539932183126695,"['KEY', 'CREDITCARD']",15.0
464,Rosemont-La Petite-Patrie,6270,Fabre / St-Zotique,-73.60101029276848,45.54345172630376,"['KEY', 'CREDITCARD']",19.0
465,Rosemont-La Petite-Patrie,6272,de Bordeaux / St-Zotique,-73.59866470098495,45.546539011777845,"['KEY', 'CREDITCARD']",19.0
466,Rosemont-La Petite-Patrie,6273,Cartier / Bélanger,-73.60266387462616,45.546797412794085,"['KEY', 'CREDITCARD']",23.0
467,Rosemont-La Petite-Patrie,6276,de la Roche / Bélanger,-73.60760450363159,45.54166959576632,"['KEY', 'CREDITCARD']",23.0
468,Rosemont-La Petite-Patrie,6277,Louis-Hébert / Beaubien,-73.592010140419,45.5481863712796,"['KEY', 'CREDITCARD']",19.0
469,Rosemont-La Petite-Patrie,6278,Louis-Hébert / St-Zotique,-73.59576,45.55001,"['KEY', 'CREDITCARD']",15.0
470,Rosemont-La Petite-Patrie,6311,Drolet / St-Zotique,-73.60941231250763,45.53488214147823,"['KEY', 'CREDITCARD']",19.0
471,Rosemont-La Petite-Patrie,6357,13e avenue / St-Zotique,-73.5887485742569,45.557487317400046,"['KEY', 'CREDITCARD']",23.0
472,Rosemont-La Petite-Patrie,6358,1ère  avenue / St-Zotique,-73.59392791986465,45.551937362101,"['KEY', 'CREDITCARD']",15.0
473,Rosemont-La Petite-Patrie,6360,8e avenue / Beaubien,-73.58752,45.553215,"['KEY', 'CREDITCARD']",15.0
474,Rosemont-La Petite-Patrie,6361,Molson / Beaubien,-73.59115451574326,45.54968589617967,"['KEY', 'CREDITCARD']",23.0
475,Rosemont-La Petite-Patrie,6362,1ère avenue / Rosemont,-73.58486741781235,45.54779995287998,"['KEY', 'CREDITCARD']",15.0
476,Rosemont-La Petite-Patrie,6364,de Chambly / Rachel,-73.55826258659361,45.54991069359101,"['KEY', 'CREDITCARD']",23.0
477,Rosemont-La Petite-Patrie,6367,3e avenue / Dandurand,-73.57899874448776,45.54729491851639,"['KEY', 'CREDITCARD']",19.0
478,Rosemont-La Petite-Patrie,6368,10e avenue / Masson,-73.57335269451141,45.55030553030546,"['KEY', 'CREDITCARD']",23.0
479,Rosemont-La Petite-Patrie,6370,d'Orléans / Masson,-73.569847,45.557192,"['KEY', 'CREDITCARD']",19.0
480,Rosemont-La Petite-Patrie,6371,4e avenue / Masson,-73.575515,45.546978,"['KEY', 'CREDITCARD']",27.0
481,Rosemont-La Petite-Patrie,6372,1ère avenue / Masson,-73.57645065,45.5451997,"['KEY', 'CREDITCARD']",39.0
482,Rosemont-La Petite-Patrie,6373,7e avenue / St-Joseph Rosemont,-73.56986984610558,45.547226645250745,"['KEY', 'CREDITCARD']",27.0
483,Rosemont-La Petite-Patrie,6374,15e avenue / Masson,-73.5713866353035,45.55389801568004,"['KEY', 'CREDITCARD']",23.0
484,Rosemont-La Petite-Patrie,6376,de Chambly / St-Joseph,-73.56529533863068,45.552842358447656,"['KEY', 'CREDITCARD']",23.0
485,Rosemont-La Petite-Patrie,6380,Parc J.-Arthur-Champagne (de Chambly / du Mont-Royal),-73.561916,45.551584,"['KEY', 'CREDITCARD']",23.0
486,Rosemont-La Petite-Patrie,6381,Omer-Lavallée / du Midway,-73.56217458844185,45.5457759528664,"['KEY', 'CREDITCARD']",19.0
487,Rosemont-La Petite-Patrie,6383,Bourbonnière / du Mont-Royal,-73.56049418449402,45.55357073967113,"['KEY', 'CREDITCARD']",23.0
488,Rosemont-La Petite-Patrie,6384,Darling / Sherbrooke,-73.55666935443878,45.54545890380305,"['KEY', 'CREDITCARD']",23.0
489,Rosemont-La Petite-Patrie,6389,Boyer / Jean-Talon,-73.61248075962067,45.54158631132448,"['KEY', 'CREDITCARD']",23.0
490,Rosemont-La Petite-Patrie,6421,Cartier / Rosemont,-73.59104454517365,45.54124722370603,"['KEY', 'CREDITCARD']",19.0
491,Rosemont-La Petite-Patrie,6703,Jardin Botanique (Pie-IX / Sherbrooke),-73.55535507202148,45.55500446099039,"['KEY', 'CREDITCARD']",24.0
492,Rosemont-La Petite-Patrie,6704,19e avenue / St-Zotique,-73.585643,45.561594,"['KEY', 'CREDITCARD']",27.0
493,Rosemont-La Petite-Patrie,6711,Alexandra / Waverly,-73.617842,45.531938,"['KEY', 'CREDITCARD']",15.0
494,Rosemont-La Petite-Patrie,6713,29e avenue / St-Zotique,-73.57968807220459,45.56776565172907,"['KEY', 'CREDITCARD']",15.0
495,Rosemont-La Petite-Patrie,6723,26e avenue / Beaubien,-73.577639,45.564944,"['KEY', 'CREDITCARD']",15.0
496,Rosemont-La Petite-Patrie,6730,35e avenue / Beaubien,-73.573047,45.570081,"['KEY', 'CREDITCARD']",31.0
497,Rosemont-La Petite-Patrie,6731,28e avenue / Rosemont,-73.571244,45.564353,"['KEY', 'CREDITCARD']",19.0
498,Rosemont-La Petite-Patrie,6747,Waverly / St-Zotique,-73.61470833420753,45.53050525974957,"['KEY', 'CREDITCARD']",19.0
499,Rosemont-La Petite-Patrie,6752,Hutchison / Beaubien,-73.61296892166138,45.52605851018324,"['KEY', 'CREDITCARD']",26.0
500,Rosemont-La Petite-Patrie,6753,Centre ÉPIC (St-Zotique / 40e avenue),-73.57462137937546,45.57414703721992,"['KEY', 'CREDITCARD']",23.0
501,Rosemont-La Petite-Patrie,6904,Fabre / Beaubien,-73.59787344932556,45.5420595590383,"['KEY', 'CREDITCARD']",19.0
502,Rosemont-La Petite-Patrie,6905,Parc Rosemont (Dandurand / d'Iberville),-73.581018,45.544377,"['KEY', 'CREDITCARD']",27.0
503,Rosemont-La Petite-Patrie,6906,Métro Rosemont (de St-Vallier / Rosemont),-73.59816044569016,45.5319548635849,"['KEY', 'CREDITCARD']",19.0
504,Rosemont-La Petite-Patrie,6907,Boyer / Rosemont,-73.595478,45.534136,"['KEY', 'CREDITCARD']",31.0
505,Rosemont-La Petite-Patrie,6908,de Bellechasse / de St-Vallier,-73.60112428665161,45.53341043363302,"['KEY', 'CREDITCARD']",15.0
506,Rosemont-La Petite-Patrie,6910,Boyer / Beaubien,-73.602026,45.537041,"['KEY', 'CREDITCARD']",23.0
507,Rosemont-La Petite-Patrie,6912,Métro Beaubien (de Chateaubriand / Beaubien),-73.60363483428955,45.5353599615622,"['KEY', 'CREDITCARD']",23.0
508,Rosemont-La Petite-Patrie,6913,Drolet / Beaubien,-73.605834,45.533348,"['KEY', 'CREDITCARD']",23.0
509,Rosemont-La Petite-Patrie,6915,Alma / Beaubien,-73.60665500164032,45.53243586450861,"['KEY', 'CREDITCARD']",19.0
510,Rosemont-La Petite-Patrie,6916,Parc du Pélican (2e avenue / St-Joseph),-73.571564,45.544513,"['KEY', 'CREDITCARD']",19.0
511,Rosemont-La Petite-Patrie,6918,Garnier / des Carrières,-73.58993947505951,45.53755266430292,"['KEY', 'CREDITCARD']",27.0
512,Rosemont-La Petite-Patrie,6919,Bibliothèque de Rosemont (9e avenue / Rosemont),-73.58185529708862,45.55201648333515,"['KEY', 'CREDITCARD']",15.0
513,Rosemont-La Petite-Patrie,7039,du Mont-Royal / Augustin-Frigon,-73.56772005558014,45.543763151117474,"['KEY', 'CREDITCARD']",19.0
514,Rosemont-La Petite-Patrie,7040,St-Urbain / Beaubien,-73.61067965626717,45.52951033828327,"['KEY', 'CREDITCARD']",15.0
515,Rosemont-La Petite-Patrie,7042,Alexandra / Jean-Talon,-73.62018674612045,45.53233064590805,"['KEY', 'CREDITCARD']",15.0
516,Rosemont-La Petite-Patrie,7043,Ernest-Gendreau / du Mont-Royal,-73.56384828686714,45.549713734001415,"['KEY', 'CREDITCARD']",23.0
517,Rosemont-La Petite-Patrie,7044,Hôpital Santa Cabrini (St-Zotique / Jeanne-Jugan),-73.5705041885376,45.5793249650848,"['KEY', 'CREDITCARD']",23.0
518,Rosemont-La Petite-Patrie,7045,Casgrain / Mozart,-73.6147928237915,45.53472725603326,"['KEY', 'CREDITCARD']",7.0
519,Rosemont-La Petite-Patrie,7065,de Lanaudière / Bélanger,-73.60565051436424,45.54365085053057,"['KEY', 'CREDITCARD']",23.0
520,Rosemont-La Petite-Patrie,7125,Rosemont / Viau,-73.56666326522826,45.56833021674857,"['KEY', 'CREDITCARD']",23.0
521,Rosemont-La Petite-Patrie,7126,41e avenue / Rosemont,-73.56431499123573,45.57178977666956,"['KEY', 'CREDITCARD']",19.0
522,Rosemont-La Petite-Patrie,7127,Jeanne-Mance / Beaubien,-73.61229971051216,45.527650097960205,"['KEY', 'CREDITCARD']",15.0
523,Saint-Laurent,7128,Métro Côte-Vertu (Gohier / Edouard-Laurin),-73.68249848484993,45.512989627641865,"['KEY', 'CREDITCARD']",23.0
524,Saint-Laurent,7129,de l'Eglise / St-Germain,-73.67701068520546,45.51255920872999,,
525,Saint-Laurent,7130,Métro du Collège (Cartier / Décarie),-73.6729645729065,45.50843904979172,"['KEY', 'CREDITCARD']",17.0
526,Saint-Laurent,7131,Bibliothèque du Boisé (Thimens / Todd),-73.70443224906921,45.50463493033909,"['KEY', 'CREDITCARD']",27.0
527,Saint-Laurent,7132,Ste-Croix / Tassé,-73.6851042509079,45.519492499678165,"['KEY', 'CREDITCARD']",15.0
528,Saint-Laurent,7133,Thimens / Alexis-Nihon,-73.69856357574463,45.50897852206792,"['KEY', 'CREDITCARD']",27.0
529,Saint-Laurent,7134,Poirier / O'Brien,-73.69156435132027,45.52246015438048,"['KEY', 'CREDITCARD']",23.0
530,Saint-Laurent,7135,Cavendish / Poirier,-73.71148109436035,45.50622283591452,"['KEY', 'CREDITCARD']",23.0
531,Saint-Laurent,7136,Marcel-Laurin / Beaudet,-73.68175685405731,45.50684315902468,,
532,Villeray-Saint-Michel-Parc-Extension,6068,2e avenue / Jean-Rivard,-73.61656039953232,45.56250903804892,"['KEY', 'CREDITCARD']",31.0
533,Villeray-Saint-Michel-Parc-Extension,6127,de Gaspé / Jean-Talon,-73.61622512340546,45.536582447959766,"['KEY', 'CREDITCARD']",23.0
534,Villeray-Saint-Michel-Parc-Extension,6189,Chabot / Everett,-73.60957056283951,45.55072306022627,"['KEY', 'CREDITCARD']",15.0
535,Villeray-Saint-Michel-Parc-Extension,6253,Métro Jean-Talon (de Chateaubriand / Jean-Talon),-73.61402839422226,45.540138286478616,"['KEY', 'CREDITCARD']",19.0
536,Villeray-Saint-Michel-Parc-Extension,6275,Chambord / Jean-Talon,-73.61053615808486,45.54484558108033,"['KEY', 'CREDITCARD']",15.0
537,Villeray-Saint-Michel-Parc-Extension,6279,Louis-Hébert / Bélanger,-73.59916493296623,45.55158518908433,"['KEY', 'CREDITCARD']",19.0
538,Villeray-Saint-Michel-Parc-Extension,6321,Gary-Carter / St-Laurent,-73.62244248390198,45.53589982664126,"['KEY', 'CREDITCARD']",39.0
539,Villeray-Saint-Michel-Parc-Extension,6322,St-Dominique / Gounod,-73.62802147865295,45.53873794947064,"['KEY', 'CREDITCARD']",15.0
540,Villeray-Saint-Michel-Parc-Extension,6323,Guizot / St-Laurent,-73.63447487354279,45.53966322230556,"['KEY', 'CREDITCARD']",19.0
541,Villeray-Saint-Michel-Parc-Extension,6324,de Liège / Lajeunesse,-73.63474041223526,45.54560354555274,"['KEY', 'CREDITCARD']",15.0
542,Villeray-Saint-Michel-Parc-Extension,6327,Drolet / Faillon,-73.6208787560463,45.53926979810152,"['KEY', 'CREDITCARD']",23.0
543,Villeray-Saint-Michel-Parc-Extension,6328,De Gaspé / Villeray,-73.62429320812224,45.53893805473212,"['KEY', 'CREDITCARD']",15.0
544,Villeray-Saint-Michel-Parc-Extension,6329,Drolet / Gounod,-73.62637460231781,45.54095134225734,"['KEY', 'CREDITCARD']",23.0
545,Villeray-Saint-Michel-Parc-Extension,6330,de Gaspé / Jarry,-73.63040059804916,45.540780049798,"['KEY', 'CREDITCARD']",23.0
546,Villeray-Saint-Michel-Parc-Extension,6331,Guizot / St-Denis,-73.63246187567711,45.543423548290185,"['KEY', 'CREDITCARD']",23.0
547,Villeray-Saint-Michel-Parc-Extension,6332,de Gaspé / de Liège,-73.63634169101715,45.54248521237199,"['KEY', 'CREDITCARD']",15.0
548,Villeray-Saint-Michel-Parc-Extension,6333,Leman / de Chateaubriand,-73.631103,45.547218,"['KEY', 'CREDITCARD']",15.0
549,Villeray-Saint-Michel-Parc-Extension,6334,Métro Jarry (Lajeunesse / Jarry),-73.62828433513641,45.54371190262865,"['KEY', 'CREDITCARD']",19.0
550,Villeray-Saint-Michel-Parc-Extension,6335,du Rosaire / St-Hubert,-73.6215104162693,45.54481928225348,"['KEY', 'CREDITCARD']",23.0
551,Villeray-Saint-Michel-Parc-Extension,6336,Faillon / St-Hubert,-73.61793905496597,45.54297175887712,"['KEY', 'CREDITCARD']",15.0
552,Villeray-Saint-Michel-Parc-Extension,6338,de Chateaubriand / Jarry,-73.62699151039122,45.54595481682399,"['KEY', 'CREDITCARD']",15.0
553,Villeray-Saint-Michel-Parc-Extension,6340,de la Roche / Everett,-73.614841,45.544867,"['KEY', 'CREDITCARD']",11.0
554,Villeray-Saint-Michel-Parc-Extension,6343,Marquette / Villeray,-73.61529305577278,45.55068361610596,"['KEY', 'CREDITCARD']",15.0
555,Villeray-Saint-Michel-Parc-Extension,6344,St-Dominique / Jean-Talon,-73.61756354570389,45.53524809921431,"['KEY', 'CREDITCARD']",35.0
556,Villeray-Saint-Michel-Parc-Extension,6345,Louis-Hémon / Villeray,-73.61073732376097,45.55496126357668,"['KEY', 'CREDITCARD']",23.0
557,Villeray-Saint-Michel-Parc-Extension,6347,Métro St-Michel (Shaughnessy / St-Michel),-73.599658,45.559199,"['KEY', 'CREDITCARD']",15.0
558,Villeray-Saint-Michel-Parc-Extension,6503,Métro Parc  (Ogilvy / Hutchison),-73.6243924498558,45.53035130173597,"['KEY', 'CREDITCARD']",33.0
559,Villeray-Saint-Michel-Parc-Extension,6728,d'Outremont / Ogilvy,-73.62672328948975,45.52687028194893,"['KEY', 'CREDITCARD']",19.0
560,Villeray-Saint-Michel-Parc-Extension,6733,Villeray / de Normanville,-73.6185210943222,45.547172039327485,"['KEY', 'CREDITCARD']",23.0
561,Villeray-Saint-Michel-Parc-Extension,6734,Lajeunesse / Villeray,-73.6225471,45.54211889,"['KEY', 'CREDITCARD']",15.0
562,Villeray-Saint-Michel-Parc-Extension,6735,Villeray / St-Michel,-73.6039674282074,45.56105928295798,"['KEY', 'CREDITCARD']",15.0
563,Villeray-Saint-Michel-Parc-Extension,6745,de l'Épée / Jean-Talon,-73.62388283014297,45.52797966680089,"['KEY', 'CREDITCARD']",19.0
564,Villeray-Saint-Michel-Parc-Extension,6746,Métro Acadie (de l'Acadie / Beaumont),-73.62344294786453,45.52357479400008,"['KEY', 'CREDITCARD']",13.0
565,Villeray-Saint-Michel-Parc-Extension,6923,Marquette / Jean-Talon,-73.60766887664795,45.54740777921938,"['KEY', 'CREDITCARD']",19.0
566,Villeray-Saint-Michel-Parc-Extension,6924,de Bordeaux / Jean-Talon,-73.60556602478027,45.54975479298636,"['KEY', 'CREDITCARD']",15.0
567,Villeray-Saint-Michel-Parc-Extension,6925,des Écores / Jean-Talon,-73.60286772251129,45.55236372328009,"['KEY', 'CREDITCARD']",19.0
568,Villeray-Saint-Michel-Parc-Extension,6930,Cité des Arts du Cirque (Paul Boutet / des Regrattiers),-73.61544728279114,45.55984236120471,"['KEY', 'CREDITCARD']",35.0
569,Villeray-Saint-Michel-Parc-Extension,7001,Ball / Querbes,-73.6321359872818,45.531177514650885,"['KEY', 'CREDITCARD']",15.0
570,Villeray-Saint-Michel-Parc-Extension,7008,Rousselot / Jarry,-73.62091094255447,45.55076907833167,"['KEY', 'CREDITCARD']",15.0
571,Villeray-Saint-Michel-Parc-Extension,7023,CHSLD St-Michel (Jarry / 8e avenue),-73.61051201820374,45.56169026904608,"['KEY', 'CREDITCARD']",15.0
572,Villeray-Saint-Michel-Parc-Extension,7061,Lajeunesse / de Castelnau,-73.61681789159775,45.54039620809999,"['KEY', 'CREDITCARD']",15.0
573,Villeray-Saint-Michel-Parc-Extension,7063,Drolet / Jarry,-73.62994194030762,45.54195463236575,"['KEY', 'CREDITCARD']",19.0
574,Villeray-Saint-Michel-Parc-Extension,7064,Clark / de Liège,-73.6381347477436,45.539983846015616,"['KEY', 'CREDITCARD']",19.0
575,Villeray-Saint-Michel-Parc-Extension,7147,Métro de Castelnau (de Castelnau / Clark),-73.62076878547667,45.53473935096963,"['KEY', 'CREDITCARD']",23.0
576,Villeray-Saint-Michel-Parc-Extension,7148,Papineau / Émile-Journault,-73.63356828689575,45.55988367688166,"['KEY', 'CREDITCARD']",35.0
577,Villeray-Saint-Michel-Parc-Extension,7149,16e avenue / Jean-Talon,-73.59533339738846,45.56244008398078,"['KEY', 'CREDITCARD']",11.0
578,Westmount,6432,de Maisonneuve / Greene,-73.58929306,45.48697062,"['KEY', 'CREDITCARD']",19.0
579,Westmount,6433,Hillside / Ste-Catherine,-73.59084337949753,45.48282602624293,"['KEY', 'CREDITCARD']",15.0
580,Westmount,6434,Victoria / de Maisonneuve,-73.60016942024231,45.47742856483265,"['KEY', 'CREDITCARD']",15.0
581,Westmount,6435,Victoria Hall,-73.6003303527832,45.48129146961133,"['KEY', 'CREDITCARD']",15.0
582,Westmount,6436,Argyle / Sherbrooke,-73.5957974300254,45.48580087370364,"['KEY', 'CREDITCARD']",19.0
583,Montréal-Est,7085,de la Grande-Allée / Ste-Catherine,-73.50685738027096,45.63137963655471,"['KEY', 'CREDITCARD']",35.0
584,Montréal-Est,7086,Parc de l'Hôtel-de-Ville (Dubé / Laurendeau),-73.49499464035034,45.63065034476232,"['KEY', 'CREDITCARD']",27.0
585,Anjou,7097,Bélanger / des Galeries d'Anjou,-73.56279015541077,45.59722114932571,"['KEY', 'CREDITCARD']",23.0
586,Anjou,7098,Parc d'Antioche,-73.55858981609344,45.59535188887634,"['KEY', 'CREDITCARD']",55.0
587,Verdun,6016,Jacques-Le Ber / de la Pointe Nord,-73.539285,45.472503,"['KEY', 'CREDITCARD']",27.0
588,Verdun,6309,4e avenue / de Verdun,-73.57260704040527,45.4568844514464,"['KEY', 'CREDITCARD']",15.0
589,Verdun,6341,Regina / de Verdun,-73.570769,45.467369,"['KEY', 'CREDITCARD']",23.0
590,Verdun,6379,de l'Église / Bannantyne,-73.57587933540344,45.4632535358533,"['KEY', 'CREDITCARD']",15.0
591,Verdun,6425,Métro de l'Église (Ross / de l'Église),-73.56592163443565,45.462846046287325,"['KEY', 'CREDITCARD']",15.0
592,Verdun,6426,Métro Verdun (Willibrord / de Verdun),-73.57209205627441,45.459487694540734,"['KEY', 'CREDITCARD']",27.0
593,Verdun,6427,Métro Lasalle (de Rushbrooke / Caisse),-73.56542240828276,45.47069642604657,"['KEY', 'CREDITCARD']",23.0
594,Verdun,6428,Berlioz / de l'Île des Soeurs,-73.54395568370819,45.45998577640931,"['KEY', 'CREDITCARD']",23.0
595,Verdun,6429,Place du Commerce,-73.54259,45.46714,"['KEY', 'CREDITCARD']",33.0
596,Verdun,6705,5e avenue / Bannantyne,-73.57614,45.456365,"['KEY', 'CREDITCARD']",15.0
597,Verdun,6706,Beatty / de Verdun,-73.5725748538971,45.450729976972944,"['KEY', 'CREDITCARD']",23.0
598,Verdun,6712,LaSalle / Crawford,-73.58274042606354,45.43791380065227,"['KEY', 'CREDITCARD']",15.0
599,Verdun,6715,Natatorium (LaSalle / Rolland),-73.57509076595306,45.44454701497536,"['KEY', 'CREDITCARD']",27.0
600,Verdun,7056,Bibliothèque de Verdun (Brown / Bannantyne),-73.57785612344742,45.44826204820947,"['KEY', 'CREDITCARD']",15.0
601,Verdun,7057,2e avenue / Wellington,-73.56752824096475,45.45789352611307,"['KEY', 'CREDITCARD']",19.0
602,Verdun,7058,Gordon / Wellington,-73.56730699539183,45.46107799010839,"['KEY', 'CREDITCARD']",23.0
603,Verdun,7059,Argyle / de Verdun,-73.57191503047943,45.45301583620112,"['KEY', 'CREDITCARD']",23.0
604,Verdun,7060,de l'Église / de Verdun,-73.57156895217486,45.46300108733155,"['KEY', 'CREDITCARD']",19.0
605,Verdun,7142,Elgar / de l'Île-des-Sœurs,-73.546804189682,45.45682318753668,"['KEY', 'CREDITCARD']",15.0
606,Verdun,7143,LaSalle / Godin,-73.57219934463501,45.44693448484644,"['KEY', 'CREDITCARD']",27.0
607,Verdun,7144,Hickson / Wellington,-73.56699787080288,45.46489251773306,"['KEY', 'CREDITCARD']",23.0
608,Verdun,7145,Argyle / Bannantyne,-73.5767751932144,45.453318765468914,"['KEY', 'CREDITCARD']",15.0
